id,created_at,favorite_count,retweet_count,text
1395665112107610112,2021-05-21 08:57:47,0,0,"RT @HolocaustUK‚Äôs @KarenPollock100 25/4/2021:

‚ÄúStop using the #Holocaust to make whatever point you want to make. 

This @JewishChron also may help.‚Äù

https://t.co/4dQpywU6H0 https://t.co/2eKskYIo7Z"
1395659242661613573,2021-05-21 08:34:28,3,1,Not frightening. https://t.co/O5YY2MQ6LB
1395656895793348609,2021-05-21 08:25:08,2,0,"Gwent is ‚Äúone of the #safest places‚Äù to live and work in üá¨üáß, #Gwent PCC has said.

ONS figures for final Q 2020 show that Gwent [@GP_CCKelly @GP_DCCBlakeman] has one of the lowest levels of recorded crime in #UK when compared to other #police force areas.

https://t.co/TJm7XFf8mY https://t.co/e8x2gm2DDB"
1395648463602323457,2021-05-21 07:51:38,0,0,"Gwent Police [@GP_CCKelly @GP_DCCBlakeman] becomes the first Welsh force to receive bronze quality mark for #youthwork. 

Jeff Cuthbert, GwentPCC said:
‚ÄúI would like to thank everyone involved and look forward to the team gaining their Silver Quality Mark.‚Äùhttps://t.co/0kVOui75Rc"
1395442910049484804,2021-05-20 18:14:50,0,0,"Hampshire residents have the opportunity to serve on the #Hampshire Police and Crime Panel (PCP)

2 members are needed for the body which scrutinises and supports work of @HantsPCC @DonnaJonesPCC.
Closing date for applications 25 May 2021 | via @dailyecho https://t.co/qumMr1A7Vs"
1395426654240051202,2021-05-20 17:10:14,0,0,"25.8.20 @JewishChron

...criticised by @HolocaustUK‚Äôs @KarenPollock100 who said:

‚ÄúThese sick [#TikTok @TikTok_US @TikTok_UK @TikTokSupport] videos are an insult to #victims and #survivors of the #Holocaust.

6 million #Jews brutally murdered by the Nazis.‚Äùhttps://t.co/6BKJyY9Y2Y"
1395399646671945735,2021-05-20 15:22:55,0,0,Via @insidernwest https://t.co/XzxSM58GDq
1395399451599163406,2021-05-20 15:22:09,0,0,".@EasternEye:
Stepping up #quarantine-rule enforcement,üëÆ‚Äç‚ôÇÔ∏èand private contractors will be conducting up to 10,000 spot-checks a day to make sure #holidaymakers are quarantining after return from #amberlist countries, Patel said in an interview @MailOnline. https://t.co/Ssn7IPiWvA"
1395396260304146432,2021-05-20 15:09:28,1,0,Home Secretary‚Äôs Twitter is @ukhomeoffice / @PritiPatel https://t.co/OJZ2zC4fVb
1395396212136812550,2021-05-20 15:09:16,0,0,Home Secretary‚Äôs Twitter is @ukhomeoffice / @PritiPatel https://t.co/HqjMgRXNWr
1395391204901195785,2021-05-20 14:49:23,3,0,".@TheSun:
...returning from overseas holidays should expect ‚Äúknock on the door‚Äù fromüëÆ‚Äç‚ôÇÔ∏èchecking Brits are obeying 10day #quarantine

Home Secretary: Enforcement has been stepped up to ensure officials have capacity to carry out 10,000 home visits every day

https://t.co/S34ury33uv https://t.co/jZ5c7U0nuD"
1395387624081211392,2021-05-20 14:35:09,0,0,Via @Telegraph @PressReader https://t.co/WFqbSjkAyp
1395387527859777538,2021-05-20 14:34:46,0,0,Via @Daily_Express @PressReader https://t.co/VnhCj2zDhv
1395359304425803777,2021-05-20 12:42:37,0,0,".@ukhomeoffice: ‚ÄúThe police

[@BJH251 @merpolchiefcon
@GP_CCKelly @CCLeicsPolice
@CCSuffolkPolice @CCJoShiner
@CCGarryForsyth @CCLeeFreeman
@CCJamesVaughan @OPinkney etc]

are operationally independent but Gov is determined to #deliver on‚Äù

@BurtonMailNews https://t.co/depepp1Y3o"
1395347428321153027,2021-05-20 11:55:25,0,0,Via @travelweekly https://t.co/y4mABCJ0CO
1395321752365015042,2021-05-20 10:13:24,1,0,"RT @UKHomeSecretary 4/12/20

On Thursday‚Äôs raid PritiPatel was for first time wearing #protective jacket specially fitted by @metpoliceuk after her #protection team recommended it because of her regular visits to observe officers on operations.¬†
It is badged with ‚ÄúHome Secretary‚Äù https://t.co/ES7SdygWdM"
1395104705127272451,2021-05-19 19:50:56,0,0,".@ukhomeoffice:
Minister for Women &amp; Equalities @trussliz and the Gender Equality Advisory Council‚Äôs Chair Sarah Sands, convened the meeting of world-leading experts including scientists, vaccinologists and business leaders, across #G7 countries and beyond.https://t.co/2fTKVe6qUV"
1395099923255898115,2021-05-19 19:31:56,0,0,"RT @UKHomeSecretary 6/12/20

Ex-@UKHomeSecretary says she ‚Äòwasn‚Äôt surprised‚Äô by bullying allegations

AmberRuddUK thought PritiPatel actions breached ministerial code, suggested #Brexit was crucial to why PM was so determined to keep Patel in her position.
https://t.co/khDniB6kk6 https://t.co/PdimE58uqT"
1395090944781848580,2021-05-19 18:56:15,0,0,".@EasternEye:
The Chief Constable commended PritiPatel for her support of &amp; closer involvement with police than previous home secretaries.

StaffsPoliceCC told @thetimes
‚ÄúBut I don‚Äôt think that gives ukhomeoffice a reason to step into operational policing.‚Äùhttps://t.co/lVqYUx0rkx"
1395090053064536079,2021-05-19 18:52:42,2,0,"RT @UKHomeSecretary 4/12/20

On Thursday‚Äôs raid PritiPatel was for the 1st time wearing protective jacket specially fitted by @metpoliceuk after her protection team recommended it because of her regular visits to observe officers on operations.¬†
It is badged with ‚ÄúHome Secretary‚Äù https://t.co/bib4ACNNon"
1395038952856428544,2021-05-19 15:29:39,0,0,Via @MailOnline https://t.co/DlyPIdfQVG
1395036255319171075,2021-05-19 15:18:56,1,1,"Fresh from election victory, Gwent PCC said:
‚ÄúWe remain committed to developing a permanent base for Gwent Police [@GP_CCKelly @GP_DCCBlakeman] in #Abergavenny‚Äù

PCC Office [@SianOPCCGwent]:
‚ÄúGwent Police‚Äôs mission is to #protect and reassure #communities‚Äùhttps://t.co/2f86lW0bLf"
1395025539908476930,2021-05-19 14:36:21,0,0,".@BasGazette
#Hampshire Police [CC @OPinkney] to recognise #IDAHOBIT2021

#LGBT+ Resource Group Inspector Johnson:
‚ÄúIf you‚Äôve been the victim of crime because of your sexual #orientation or gender #identity, you can speak to any officer or member of staff.‚Äùhttps://t.co/vF4VTpOBXT"
1394977695856009218,2021-05-19 11:26:14,0,0,".@MailOnline: Last month, it emerged @UKHomeSecretary would be using #league #tables to #rank forces

[@BJH251 @merpolchiefcon
@GP_CCKelly @CCLeicsPolice
@CCSuffolkPolice @CCJoShiner
@CCGarryForsyth @CCLeeFreeman
@CCJamesVaughan @OPinkney etc]

...targets.
https://t.co/7D42HgyjUG"
1394971263949488129,2021-05-19 11:00:41,0,0,Via @businessdeskwm https://t.co/SNOBN9OaXa
1394966673321496578,2021-05-19 10:42:26,1,1,Via @staffs_live https://t.co/2ryyWL4BQq
1394965965008429060,2021-05-19 10:39:37,0,0,Via @Sotlive https://t.co/CZIrwQ0Gvm
1394770718458515465,2021-05-18 21:43:47,0,0,".@KamalaHarris aides believe that Republicans [@GOP] who attacked her on #immigration are doing so because they‚Äôve been having trouble landing punches on Biden, because @VP is a black woman
They want to damage her ahead of an inevitable run for president.

https://t.co/lIKYOS1T1y https://t.co/WtOHFsu6W4"
1394761491409145858,2021-05-18 21:07:07,0,0,".@KamalaHarris has gone 55 days without a news conference since being tapped for #border role

@VP‚Äôs supporters say her job is to score a #diplomatic victory with countries from the Northern Triangle &amp; to get at the root causes of #migration | via @FoxNews https://t.co/ikL4P8IuGs"
1394759775301341190,2021-05-18 21:00:18,3,1,"16.2.21 @Live_Hindustan

More than 200 people of Indian origin are leaders in 15 countries including
üá∫üá∏ @VP @KamalaHarris
üá¨üáß @UKHomeSecretary @PritiPatel

...revealed in a first-of-its-kind survey by @IndiasporaForum, more than 60 hold Cabinet positions.https://t.co/x1bD0JZVk6"
1394695494748749824,2021-05-18 16:44:52,0,0,"A former police officer who served with @metpoliceuk &amp; Cambridgeshire force for 30 years has been elected as the new Police &amp; Crime Commissioner for #Cambridgeshire &amp; #Peterborough

PCC @DarrylPreston_ replaces fellow Conservative Ray Bisby

via @itvanglia https://t.co/ZvRaHqqbwI https://t.co/miSGhhwvls"
1394672210065960972,2021-05-18 15:12:21,0,0,"5 brave mothers have shared their emotional stories as part of a @metpoliceuk @crimestoppersuk #campaign

Each mum wanted to take part to encourage others to call #Crimestoppers, anonymously, with information about #knifecrime to help prevent more deaths.

https://t.co/ovRskpXfIH https://t.co/m5iLjXvv4g"
1394648927534714881,2021-05-18 13:39:50,0,0,"Tim Passmore is re-elected as #Suffolk‚Äôs Police &amp; Crime Commissioner for his third term3Ô∏è‚É£

The Conservative Candidate has held the PCC post since its creation in 2012 [@KatyBourne and @HertsPCC]

@TimSPCC was voted in after the first round.

via @itvanglia https://t.co/aiYWWa3QD8 https://t.co/gOfGPe2UeM"
1394615578015502338,2021-05-18 11:27:19,1,0,Priti Patel‚Äôs Home Office has been accused of ignoring Nicola Sturgeon and Humza Yousaf‚Äôs calls | via @ScotNational https://t.co/L0SBindXgF
1394602316184133633,2021-05-18 10:34:37,0,0,"Defying the allegations, Patel‚Äôs spokesman said the home secretary acted as she should have. | via @EasternEye https://t.co/OupTqkaeJM"
1394599556445319173,2021-05-18 10:23:39,0,0,"Police officer uplift, England and Wales, quarterly update to 31 March 2021
Published 29 April 2021
via @ukhomeoffice https://t.co/4QZRuS65nF"
1394596328680923137,2021-05-18 10:10:49,0,0,".@ScottishSun:
Britain‚Äôs top cop [@metpoliceuk‚Äôs Dame Dick] warned bike lanes are holding upüëÆ‚Äç‚ôÇÔ∏èon emergency call-outs [in #London]

However the Met Chief also stressed traffic-free #LTN zones were safer for cyclists and pedestrians, and improved #airquality.https://t.co/XLEF6pJYIL"
1394584035494662145,2021-05-18 09:21:58,0,0,"A Humberside Police [@CCLeeFreeman] spokesman said:

‚ÄúFollowing on from our previous statement, the police officer who suffered serious injuries to his head and was taken to hospital yesterday Fri 14 May, is recovering well.‚Äù

via @GrimsbyLive @PressReader
https://t.co/3PLfrqlFPe https://t.co/MWl4PvXQCc"
1394412986417270788,2021-05-17 22:02:17,0,0,"Priti Patel said
Ensuring thatüá¨üáßremains at the cutting edge of #forensic investigation is vital &amp; Gary Pugh brings a wealth of experience to the role of #ForensicScience Regulator.

He will ensure police are working to the very highest scientific standards https://t.co/NviZ6iCM7P"
1394393755722076170,2021-05-17 20:45:52,0,0,"PCC @Rupert_Matthews aims to put officers back in the community and re-name the force

@LeicsPCC: ‚ÄúI want the Home Secretary to change the name back to #Leicestershire and #Rutland Police to acknowledge the two separate counties.‚Äù | via @Mercury1712 https://t.co/S6ZieHHUiK"
1394379419330940930,2021-05-17 19:48:54,0,0,Via @reviewjournal @PressReader https://t.co/JSfAKN63of
1394369600712810499,2021-05-17 19:09:53,0,0,Via @ABC https://t.co/ZvfQW2dOT9
1394332695422021635,2021-05-17 16:43:14,0,0,"Schoolchildren in #Witham, #Essex are being encouraged to pick up a book as part of Witham MP‚Äôs 10th Get Witham Reading #campaign

Ms Patel first launched the campaign in 2012 when children‚Äôs #literacy levels in her constituency fell below national average.https://t.co/GvZDKKwn9k"
1394264487281270788,2021-05-17 12:12:12,1,1,"8/5
Speaking exclusively @Daily_Express Ms Patel said PM restored trust in govt with his approach to ‚Äúgetting it done‚Äù

Already can point to success
‚Ä¢ 8,781 of 20K #newüëÆ‚Äç‚ôÇÔ∏è 
‚Ä¢ rolled up 650 #countylines in last yr
‚Ä¢ helped protect 100s vulnerable children https://t.co/i4CDA5n6UP"
1394257304351035392,2021-05-17 11:43:40,1,0,"10 June 2018
#Holocaust #survivor #GenaTurgel, consoler of #AnneFrank has died.
She was 95.

@KarenPollock100, Chief Executive @HolocaustUK said: ‚ÄúGena dedicated her life to sharing her testimony to hundreds of thousands in schools across üá¨üáß‚Äù

via @NBCNews
https://t.co/fTI2D9rsSJ https://t.co/n7WX8N6JMW"
1394228806941040640,2021-05-17 09:50:25,0,0,".@metpoliceuk‚Äôs Dame Dick said:

These #policedogs and their handlers are #invaluable.
Many criminals would escape justice and crucial evidence remain undetected, if not for their assistance.
Because of their work the streets of #London are kept much safer.https://t.co/JgQtRehmUT"
1394225588882264070,2021-05-17 09:37:38,0,0,"Commissioner welcomes 7 puppies, named ‚ÄòRatana Litter‚Äô in memory of PS Matt Ratana, killed on duty last year

@metpoliceuk: ‚ÄúMatt was much loved and respected and this is just one of the ways for the Met to acknowledge and remember his service and courage.‚Äùhttps://t.co/V4gV6ZABU0"
1394055831155576835,2021-05-16 22:23:05,0,0,https://t.co/Cn5gQM9nCy
1394012712095686661,2021-05-16 19:31:44,0,1,"9Apr @dailystar
@metpoliceuk #HardCallsSaveLives campaign features mums reliving most difficult phone calls they had to make after their sons were killed

Dame Cressida praised mums‚Äô strength &amp; courage, hopes they will encourage people toüì±@CrimestoppersUK https://t.co/ux3hrdw6IN"
1394001583948636162,2021-05-16 18:47:31,0,0,".@Telegraph
Head of Scotland Yard @metpoliceuk backs officers‚Äô claims that blocked-up roads make their job more difficult

LowTrafficNeighbourhood #LTN schemes are making it more difficult for #police to pursue dangerous #criminals, Commissioner has warned.https://t.co/wXQ6VB9ik0"
1393929669553106950,2021-05-16 14:01:45,0,0,"Tory Candidate for PCCWiltsSwindon @Jonathon_Seed was #elected but

ü•á
@KatyBourne
@AlisonHernandez
@Hirst4EssexPFCC
@MarcJonesLincs
@DonnaJonesPCC
@_Lisa_Townsend
@ChrisNelsonchr1
@DarrylPreston_
@Matthew_Barber
@Rupert_Matthews
@PhilAllottPFCC
@TimSPCC

https://t.co/m7eAWWqgY5 https://t.co/3aJZfhDtAp"
1393690547982843909,2021-05-15 22:11:34,0,0,Via @htTweets @PressReader https://t.co/WrrhomWIFC
1393671412741812227,2021-05-15 20:55:32,3,0,"Chief Constable @OPinkney said:

‚ÄúI‚Äôd like to welcome @DonnaJonesPCC as the new @HantsPCC, who will continue to give a voice to the public to ensure the safety of our communities and effective criminal justice in #Hampshire and on #IoW.‚Äù | via @islandecho https://t.co/c8lAySHlnU"
1393607939731206145,2021-05-15 16:43:19,5,0,".@HantsPCC: I went through my proposals with the Chief Constable [@OPinkney]

@DonnaJonesPCC: My priorities
‚Ä¢ Recruiting 600 moreüëÆ‚Äç‚ôÇÔ∏è
‚Ä¢ Removing red tape &amp; bureaucracy so officers can spend more time on patrol
‚Ä¢ Review 101 999 service
via @winchestertoday https://t.co/Kn4efTa0T2"
1393584407039053827,2021-05-15 15:09:48,0,0,"Gwent PCC: Been speaking to residents understandably concerned about rise in #crime &amp; ASB as #lockdown measures ease

I want to reassure residents that Gwent #Police [@GP_CCKelly] are prepared for this with extra patrols in key areas | via @southwalesargus https://t.co/yiQy6tOmLX"
1393569035246317571,2021-05-15 14:08:43,0,0,"4 May @SheffieldStar

@pritipatel reported to be...rank police forces

[@BJH251 @merpolchiefcon
@GP_CCKelly @CCLeicsPolice
@CCSuffolkPolice @CCJoShiner
@CCGarryForsyth @CCLeeFreeman
@CCJamesVaughan @OPinkney etc]

on their #success in cutting serious crime.https://t.co/xyORoMowAE"
1393560310573936649,2021-05-15 13:34:03,1,1,"Over ¬£26 million compensation offered to the #Windrush generation.

The Windrush Compensation Scheme has now paid out over ¬£14 million in compensation and has offered a further ¬£12 million.
Published
14 May 2021 https://t.co/Cgo9rdZRc6"
1393543614098284546,2021-05-15 12:27:43,0,0,Via @EasternEye @PressReader https://t.co/xCcIK1ooQH
1393542769373638660,2021-05-15 12:24:21,0,0,Via @EconomicTimes https://t.co/G8MU7G077M
1393536063226920963,2021-05-15 11:57:42,8,6,".@itvanglia
Support for Mr Hirst more than doubled from 2016 when he got 110,858 votes

@Hirst4EssexPFCC: We‚Äôve achieved 500üëÆ‚Äç‚ôÇÔ∏èwith commitment of further investment
We‚Äôre improving culture of #Essex Fire Rescue Service with focus on #prevention #protection

https://t.co/u9zOBIbx9T https://t.co/p4PgytwX1M"
1393531211398647814,2021-05-15 11:38:26,1,1,".@KeithHunter50 says he leaves Humberside Police [@CCLeeFreeman] as ‚Äúone of the #best‚Äù forces

The former PCC said: ‚ÄúI can look back over my 5Ô∏è‚É£ years in this role and honestly state I carried it out in an apolitical manner, with #integrity‚Äù | via @hulllive https://t.co/btOol3FiDd"
1393520856236703748,2021-05-15 10:57:17,0,0,".@metpoliceuk: ‚ÄúI am looking at it carefully and, on occasion, we will have a conversation @TfL to point out where a particular thing will cause real difficulties‚Äù

@Ldn_Ambulance received 11 reports from crews about Lewisham #LTN delays | via @NewsShopper https://t.co/wzZaF2KP1j"
1393515799940317185,2021-05-15 10:37:11,0,0,".@LBC:
Commissioner urges Londoners not to ‚Äúover-indulge‚Äù as #lockdown eases

‚Äú#London is not actually... a city that has massive problems with alcohol-related violence.
We [@metpoliceuk] will be out there in the areas where we think there could be trouble‚Äùhttps://t.co/VQq0zMvINO"
1393501437414494217,2021-05-15 09:40:07,0,0,"PCC @Matthew_Barber:

‚ÄúI am delighted to have been #elected

I would also like to offer my #thanks to #ThamesValley residents for coming out &amp; supporting my campaign

I plan to hit the ground running &amp; deliver on my campaign promises‚Äù | via @berkshire_live https://t.co/znZWN0oRgs"
1393342955373666304,2021-05-14 23:10:22,0,0,"The #MiltonKeynes area is covered by the #ThamesValley police force

@Matthew_Barber has been elected as the new @TV_PCC taking over from fellow Conservative Anthony Stansfeld who stepped down at this election
Mr Barber had been his deputy.

via @itvanglia https://t.co/SEdtFt95GE https://t.co/LKWM9CQY8C"
1393339889014476801,2021-05-14 22:58:11,1,0,"After taking the oath, the Commissioner walked through part of #Winchester with @OPinkney.

CC and @HantsPCC then had their first meeting
@DonnaJonesPCC said: I have been listening to our communities and today, I put the key concerns to the Chief Constable.https://t.co/zBwW60pdPN"
1393298673191329796,2021-05-14 20:14:24,0,0,".@Telegraph:
Dame Cressida insisted her @metpoliceuk officers were working hard to drive down violence

Commissioner told LBC
‚ÄúI absolutely understand that many women feel fearful
I think there is far too¬†much #VAWG, I would like them to be very much safer‚Äùhttps://t.co/lyIofgJTcW"
1393286589648941056,2021-05-14 19:26:23,0,0,".@standardnews:
Commissioner said figures were ‚Äúhugely out of proportion‚Äù with #London‚Äôs population.

But she insisted tackling violent #crime ‚Äúis her no.1 priority‚Äù
@metpoliceuk: ‚ÄúIt‚Äôs horrific, utterly appalling and some of these are very young teenagers‚Äùhttps://t.co/B9NZpEroTv"
1393249614942425102,2021-05-14 16:59:28,0,1,".@myldn:
Responding to LBC‚Äôs question of whether she should have done more, @metpoliceuk said ‚ÄúI regret every single one of my people who caught Covid, let alone those who died‚Äù

Commissioner added that huge numbers of Met officers have now been vaccinated.https://t.co/jKUS5zEVzD"
1393247327079616516,2021-05-14 16:50:22,0,0,"On LBC, mum of @metpoliceuk‚Äôs DS Barker said ‚ÄúHe would be alive today had he been vaccinated‚Äù
Giving her condolences, Cressida Dick said ‚ÄúI met Darren, I know a lot about him‚Äù

Commissioner praised the Met for helping people in the same way they always did
https://t.co/jKUS5zEVzD https://t.co/UUTgCkBFNI"
1393241005139374081,2021-05-14 16:25:15,0,0,Home Secretary‚Äôs Twitter is @pritipatel https://t.co/C3IXsFtrfZ
1393239073779814400,2021-05-14 16:17:34,1,1,"Low-traffic neighbourhoods hinder 999 response times, @metpoliceuk has warned.. #criminals use the zones to give #police the slip.

Commissioner said that the traffic-calming measures made it ‚Äúharder for our officers to get through streets‚Äù | via @thetimes https://t.co/UlBLa8ss0U"
1393236966309777409,2021-05-14 16:09:12,1,1,"The most senior Police Chief in the UK [@metpoliceuk‚Äôs Dame Dick] is to hold talks with Sadiq Khan‚Äôs @TfL after his cycle-friendly LTNs slowed down officers investigating #crime.

In an LBC interview, Commissioner said: ‚ÄúWe‚Äôll have a conversation with TfL‚Äù https://t.co/SuJwxHpGnx"
1393233736246853633,2021-05-14 15:56:22,1,0,".@metpoliceuk Chief Cressida Dick has warned revellers not to ‚Äúover indulge‚Äù when #lockdown rules ease on Monday.

Commissioner said bars and restaurants will be a ‚Äúbig focus‚Äù for officers stopping alcohol-related #violence across #London | via @MailOnline https://t.co/Uy3CBlj4FK"
1393225425141305345,2021-05-14 15:23:20,1,1,".@TheSun:
Speaking on LBC, Commissioner said tackling #violenceagainstwomen is a priority for her force [@metpoliceuk]

Ms Dick said: ‚ÄúI have been dealing with #VAWG a core part of my service, as a woman as well, since I joined.
I care deeply about this.‚Äù https://t.co/0FTYz41szd"
1393219647810457608,2021-05-14 15:00:23,0,0,"Commissioner stood by Met‚Äôs response &amp; findings of @HMICFRS report &amp; reasserted that her @metpoliceuk officers were not heavy handed.

Dame Dick asserted that the Met was ‚Äúutterly outraged‚Äù at Sarah‚Äôs murder &amp; found themselves in a ‚Äúvery complex position‚Äù. https://t.co/LJXFXUTfm9"
1393213802058076164,2021-05-14 14:37:09,0,0,üñïüñïüñïüñïüñïüñïüñï https://t.co/1gVbahJiYz
1393147766008913920,2021-05-14 10:14:45,0,0,"Commissioner Allott assumed oversight of #NorthYorkshire Police + Fire &amp; Rescue Service, taking over from Ex-@NorthYorksPFCC @Julia_Mulligan who has stepped down after 9 yrs

@PhilAllottPFCC: ‚ÄúI promise to always be on the side of victims‚Äù | via @yorkpress https://t.co/kiG1F1NPKV"
1393132861000138753,2021-05-14 09:15:31,0,1,".@ChrisNelsonchr1 #Gloucestershire #Glos PCC:

‚ÄúI‚Äôm #thrilled at this result it was a tough competition with 5 candidates

I‚Äôm genuinely very approachable, People can email me orüì±&amp; because of my #military background I‚Äôve always been a 24/7 type of person.‚Äùhttps://t.co/nddEmCQjer"
1392962531422003206,2021-05-13 21:58:42,1,0,".@JoAshworth provided expert evidence in high profile prosecutions, cold case reviews such as 1975 Lesley Molseed murder

She said: ‚ÄúIt was the first time it had ever been done - recovering #DNA using strips of Sellotape - but they do it all the time now‚Äù

https://t.co/K9XPSy47z0 https://t.co/OZZfEGgOiC"
1392958300812087300,2021-05-13 21:41:53,0,0,"Forensic Capability Network‚Äôs CEO @JoAshworth said: ‚ÄúWe became aware of several police forces wanting to access these services, and providing them through one national framework means a faster roll-out and better justice for #victims.‚Äù | via @pharmiweb_com https://t.co/W7plefVkqk"
1392940743354982402,2021-05-13 20:32:07,0,0,Commissioner said she had personally considered whether there was an argument for having all-femaleüëÆsupport units at vigil but decided against it because it was ‚Äúnot practical‚Äù to do at short notice &amp; was ‚Äúhugely divisive amongst my [@metpoliceuk] people‚Äù.https://t.co/4oJ6ElTIzN
1392930029559033857,2021-05-13 19:49:33,0,0,"Commissioner Dick will be live in the LBC studio, answering questions from listeners from 8am on Friday [tomorrow]

If you want to put a question to @metpoliceuk, call 0345 60 60 973.

You can also text 84850, tweet @LBC using #CallTheCommissioner or email https://t.co/dGyXPyWDfr"
1392926296745914375,2021-05-13 19:34:43,1,0,"üëâ@ukhomeoffice has been forced to release detained men after huge crowds came out to protest their removal on the #religious holiday of #Eid

Scottish Refugee Council‚Äôs Wafa Shaheen said she was ‚Äúshaken &amp; #angry‚Äù at Home Office‚Äôs [@pritipatel‚Äôs] decision

https://t.co/rQuoLFufvY https://t.co/y1wkVHxdBr"
1392917912789340170,2021-05-13 19:01:24,0,0,FAO @ukhomeoffice @pritipatel https://t.co/HYjuUzKxy3
1392916805040095236,2021-05-13 18:57:00,0,0,FAO @ukhomeoffice @pritipatel https://t.co/0JCB61iQ8A
1392916591281676288,2021-05-13 18:56:09,0,0,FAO @ukhomeoffice @pritipatel https://t.co/bQLmfAuXSy
1392915829159759880,2021-05-13 18:53:07,0,0,FAO @ukhomeoffice @pritipatel https://t.co/PNT3Zah4G0
1392915611295133699,2021-05-13 18:52:15,0,0,FAO @ukhomeoffice @pritipatel https://t.co/ZB6vCxwnsx
1392913128057364486,2021-05-13 18:42:23,0,0,"Police Scotland were called this morning¬†to protect Home Office van from protesters 

Sturgeon called on UK Government to ensure that a situation like the one in Glasgow today will ‚Äú#neveragain‚Äù be created by their actions.

@ukhomeoffice spokesperson said https://t.co/ZgTShUbYDZ"
1392908791038058496,2021-05-13 18:25:09,3,2,".@Independent:
Police have released 2 men detained by #immigration officials after crowds swarmed the street for hours to block van from leaving

Protest prompted Nicola Sturgeon to accuse @ukhomeoffice of creating ‚Äúa #dangerous &amp; #unacceptable situation‚Äù

https://t.co/bqMeUjNRxS https://t.co/4VCjE5z4aG"
1392897916965097477,2021-05-13 17:41:56,0,1,".@surreylive: Who is #Surrey‚Äôs PCC?

@_Lisa_Townsend the woman elected to hold @SurreyPolice to account

Commissioner Townsend: It [@SurreyPCC] is absolutely independent from operational policing. It‚Äôs about going out there listening to what residents want.https://t.co/jAbiu2G5jh"
1392895678368595970,2021-05-13 17:33:03,0,0,".@CCGavinStephens:

I‚Äôd also like to acknowledge the work of our outgoing @SurreyPCC @DavidJMunro, who has done a lot to support not only @SurreyPolice, but initiatives introduced during his tenure have made a significant difference to #Surrey residents.

https://t.co/jAbiu2G5jh https://t.co/QKy8GiMzzl"
1392891069294075914,2021-05-13 17:14:44,0,1,".@guildforddragon: Do you see yourself first and foremost as @SurreyPCC or a Conservative?

@_Lisa_Townsend: Absolutely as the PCC. There are 29 of us [@ConservativePCC] and we intend to work very closely together. But my duty is to the people of #Surrey. https://t.co/FVE22l6TuB"
1392887454844268552,2021-05-13 17:00:22,0,0,"Today is @_Lisa_Townsend‚Äôs 1st day in new job as #Surrey‚Äôs PCC.

@guildforddragon: What‚Äôs your experience in #policing?

@SurreyPCC: We have an excellent Chief Constable @SurreyPolice, the last thing they need is another police officer sat in the PCC chair.https://t.co/FVE22l6TuB"
1392870294050721794,2021-05-13 15:52:11,0,0,"Gov is seeking proposals for age-verification #technology

Lords Minister @SusanBaroness: ‚ÄúHaving a robust #ageverification system is absolutely critical in preventing the sale of alcohol to children and the harm underage drinking causes‚Äù | via @PublicTech https://t.co/VdTlOeKGpy"
1392861317204226050,2021-05-13 15:16:30,0,0,"üëâ@ukhomeoffice will #compare

[@BJH251 @merpolchiefcon
@GP_CCKelly @CCLeicsPolice
@CCSuffolkPolice @CCJoShiner
@CCGarryForsyth @CCLeeFreeman
@CCJamesVaughan @OPinkney etc]

performance against national benchmarks in what it said was a ‚Äúrelentless focus on https://t.co/FHGKCigGoz"
1392855629631471620,2021-05-13 14:53:54,0,0,"23/4 @HUCKmagazine

üëâBy drawing the public‚Äôs attention to one successful appeal, @ukhomeoffice sustains #illusion of progress

üëâ@ukhomeoffice can overturn decisions seemingly out of the blue...starkly exposes its callous #indifference to 1000s of others.
https://t.co/ANPag0SGWd"
1392848988903288833,2021-05-13 14:27:31,0,0,"...the amnesty would also apply to incidents outside of Northern Ireland, such as the 1974 IRA Birmingham pub bombings

Julie Hambleton [@Justice4the21 spokeswoman] whose 18 yr old sister Maxine was killed in the atrocity, called the proposals a ‚Äòdisgrace‚Äô https://t.co/LxRgmkk0xc"
1392839417543360522,2021-05-13 13:49:29,0,0,üëç https://t.co/ocu3ze08bW
1392828812065492994,2021-05-13 13:07:20,0,0,"University of Birmingham Conservatives is excited to be hosting Priti Patel MP [Online]

PLEASE NOTE THIS EVENT IS LIMITED TO @UoBCons MEMBERS &amp; MEMBERS OF THE CONSERVATIVE PARTY
After a brief presentation she will be responding to the audience‚Äôs questions.https://t.co/RCHNrb6ZPS"
1392819065866133508,2021-05-13 12:28:37,0,0,".@PoliceChiefs said extraüëÆ‚Äç‚ôÇÔ∏èwill help fight #crime but added there is more work to be done to make forces representative of #communities they serve.

#Bedfordshire‚Äôs police force [@CCGarryForsyth] took on 275 recruits from October 2019 to end of March 2021. https://t.co/KdyZ4E3v9L"
1392798812385730562,2021-05-13 11:08:08,0,0,"..unseated incumbent @KeithHunter50

New @HumbersidePCC: ‚ÄúI‚Äôm now going to learn all I can about the office and how it works, though I have a lot of experience already after being on Police &amp; Crime Panel for 7yrs, including chairing it.‚Äù | via @GrimsbyLive https://t.co/aKFdkpYWfu"
1392793017380114433,2021-05-13 10:45:06,1,0,".@KeithHunter50 reflects on last five years in role

Mr Hunter wanted to thank @CCLeeFreeman for his ‚Äúoutstanding leadership and support‚Äù as well as pay tribute to the volunteers, @HumPolSpecials, staff and other officers @Humberbeat | via @thelincolnite https://t.co/y8GVTZkE9B"
1392783116947841024,2021-05-13 10:05:46,0,0,üá¨üáßüáÆüá≥ External Affairs Minister Dr S Jaishankar meets @UKHomeSecretary https://t.co/42Wbk3QAd5
1392782152358670336,2021-05-13 10:01:56,0,0,Via @ScotNational https://t.co/2PdSGU20g0
1392781266156724224,2021-05-13 09:58:25,0,0,üñï https://t.co/BAXwQgK7VK
1392771195964112902,2021-05-13 09:18:24,3,3,"18 Nov 2019 @hulllive

Survey findings were welcomed by PCC Keith Hunter
@KeithHunter50: To go from lowest to highest morale in such a short period is completely unprecedented &amp; reaffirms Humberside Police [@CCLeeFreeman] is going from strength to strength.https://t.co/bUfjtjoqp4"
1392765801107791877,2021-05-13 08:56:57,0,0,".@BridFreePress:
Outgoing PCC Keith Hunter [@CCLeeFreeman‚Äôs Ex-PCC] said he fulfilled every promise during his 5-year tenure.

In @KeithHunter50‚Äôs final statement, he also wished successor Jonathan Evison well &amp; hopes he will continue improving Humberbeat. https://t.co/CBGQEPXIRd"
1392757234162184193,2021-05-13 08:22:55,1,1,"Residents invited to join #Hampshire Police &amp; Crime Panel

@DonnaJonesPCC has been elected as Police &amp; Crime Commissioner for Hampshire and the #IsleofWight [@OPinkney‚Äôs new PCC] and will officially take up office today, Thurs 13 May | via @BasingstokeNews https://t.co/HTkbVRyLeM"
1392755287455674368,2021-05-13 08:15:11,0,0,"11 May 2021 @southwalesargus

Police and forest rangers are investigating reports of #deer #poaching.

Gwent Police‚Äôs [@GP_CCKelly‚Äôs] rural crime team is in #Monmouthshire following the reports.
Anyone with information should contact the police. https://t.co/Pj0lETyHbW"
1392623303257374720,2021-05-12 23:30:43,1,1,ü•á@DonnaJonesPCC https://t.co/1T65XhugL7
1392616379786743818,2021-05-12 23:03:13,1,0,"Winchester Has New PCC
Result was announced Monday evening, @DonnaJonesPCC achieving 312,993 of votes cast across the two counties

Commissioner Jones: ‚ÄúI want to make #Hampshire &amp; #IoW¬†one of the safest places to live in the country‚Äù

via @winchestertoday https://t.co/YZbl7UfDZz https://t.co/hxalRfSLgC"
1392611564935655430,2021-05-12 22:44:05,0,0,"A former city council leader has been elected as Hampshire‚Äôs [@OPinkney‚Äôs] new PCC.

Speaking on her victory, Ms Jones said: ‚ÄúI‚Äôm incredibly humbled to be elected by so many people across #Hampshire &amp; #IsleofWight. I don‚Äôt take a single vote for granted.‚Äù

https://t.co/wEijkQCP89 https://t.co/absQUlK54r"
1392608682886770695,2021-05-12 22:32:38,1,1,"Public invited to apply for #Hampshire Police and Crime Panel
Two independent co-opted members are needed from July to join the body that scrutinises and supports the work of @HantsPCC, Police and Crime Commissioner @DonnaJonesPCC

Closing date 25 May 2021.https://t.co/MJR9gm2yfJ"
1392549480365494272,2021-05-12 18:37:23,1,1,Patel calls for #cyber reform to tackle high levels of abuse | via @Independent @PressReader https://t.co/RQFlOMyLBX
1392510516061425665,2021-05-12 16:02:33,0,0,".@Julia_Mulligan appointed as Chair of the Police Advisory Board for England &amp; Wales for 3 years from 16 April 2021

Role of PABEW is to advise @UKHomeSecretary about matters such as recruitment, diversity &amp; collaboration between forces | via @ukhomeoffice https://t.co/qUH3AimRRE"
1392506920595042304,2021-05-12 15:48:16,0,0,"The outgoing boss of #NorthYorkshire‚Äôs #police and #fire services has been appointed to another high-profile national role.

Ex-@NorthYorksPFCC @Julia_Mulligan, who steps down tomorrow (13 May), has joined @IOPC_Help as its senior Independent Director.

https://t.co/99nJqY41l2 https://t.co/lxNf6hzENJ"
1392502719919837185,2021-05-12 15:31:34,1,0,".@northyorkspfcc promises to be ‚Äòa broad church‚Äô after Conservative election win

...ü•á@PhilAllott4PFCC had secured a total of 83,737 first and second preference votes, over 30,000 more than his nearest rival Labour‚Äôs Alison Hume | via @TheScarboroNews https://t.co/efEEADakmS"
1392491317037514754,2021-05-12 14:46:15,0,0,"RT @UKHomeSecretary 6/5
#Surrey
Cons @_Lisa_Townsend: ‚Äú...my #experience in #policy &amp; #communications to secure #funding &amp; #support ourüëÆ‚Äç‚ôÇÔ∏èby making the case to highest levels of Govt‚Äù

Kevin Hurley
Lab Howard Kaye
LibDem Paul Kennedy
David Munro [incumbent]
https://t.co/6ayeOFhGZl https://t.co/bkHO0k1vaA"
1392472274377351178,2021-05-12 13:30:35,0,1,"ü•à@Keithhunter50 71,615 votes, while LibDem Bob Morgan was eliminated after 1st round.

The new PCC will officially take office May 14 following his swearing in, with Mr Hunter [@CCLeeFreeman‚Äôs Ex-PCC] to remain in post in the meantime | @yorkshirepost 8/5 https://t.co/fm4IleEfAI"
1392458179192266753,2021-05-12 12:34:35,2,1,"Corby child murderer finally ON sex offenders register

Collette‚Äôs sisters @Claire_Annexo @holmdawg26, backed by @NTelegraph, had called on Govt to change law so those who offended before 1997 would be retrospectively placed on register.

via @Katie_Cronin https://t.co/r1tVZY6aMJ https://t.co/PJOXSBirOL"
1392446423883472897,2021-05-12 11:47:52,2,1,"29.4.21 @Kent_Online
Mary Bosson cousin of PCSO Julia James‚Äô mum says everyone is scared to take their dogs for a walk.
Dorothy Morgan who has lived around the corner for 25 years said ‚ÄúIt‚Äôs so chilling. She was a really nice girl. I just can‚Äôt believe it.‚Äùhttps://t.co/QksIsbOSHk"
1392439025005387778,2021-05-12 11:18:28,0,0,Priti warns she will target #cybercrime | via @Daily_Express @PressReader https://t.co/xr0dJCteHy
1392428031214501890,2021-05-12 10:34:47,0,0,Via @PressTV https://t.co/fYHrBGmzlO
1392419062643400705,2021-05-12 09:59:09,0,0,"#Hampshire Constabulary‚Äôs [CC @OPinkney‚Äôs] officers are subjected to average of 3 assaults a day, data shows.

@hantsfedchair said: We need to do some work nationally with judges and magistrates to try and educate them on the impact these assaults have onüëÆ‚Äç‚ôÇÔ∏èhttps://t.co/RIlOiXd16N"
1392413496462163972,2021-05-12 09:37:02,2,2,"..@thetimes revealed @PritiPatel would rank forces

[@BJH251 @merpolchiefcon
@GP_CCKelly @CCLeicsPolice
@CCSuffolkPolice @CCJoShiner
@CCGarryForsyth @CCLeeFreeman
@CCJamesVaughan @OPinkney etc]

@Tosh599: ‚ÄúChief Constables will be #bullied into compliance.‚Äùhttps://t.co/9nLosJCL1H"
1392402753247490050,2021-05-12 08:54:20,0,0,"#Lincolnshire‚Äôs PCC eager to clamp down on drug use across the county following re-election.

One of @MarcJonesLincs‚Äô priorities is to deal with emerging drugs like Spice and Mamba.
PCC Marc Jones also wants to keep bolstering the size of #Lincs Police. https://t.co/wm4TkZDeLZ"
1392399675509121026,2021-05-12 08:42:06,0,0,".@thelincolnite:
Marc Jones, the re-elected Conservative #Lincolnshire Police and Crime Commissioner, said that his work is not done, as he‚Äôs looking forward to a further 3 years in the role.

‚Ä¢ @MarcJonesLincs (Conservative) 
‚Ä¢ @EscreetPeter (Reform UK) https://t.co/wddmWjQh1B"
1392392850512433161,2021-05-12 08:14:59,0,0,"ü•á@Jonathon_Seed [Conservative] received more than 100,000 votes, more than any other candidate, but¬†a new #election will now have to be held to determine the true successor to outgoing PCC Angus Macpherson. | via @WiltsAndGlosStd https://t.co/z74Age1fDg"
1392388288816766982,2021-05-12 07:56:52,0,0,"ü•á@KatyBourne (@Conservatives) - 244,810 votes
ü•â@JamieBen120689¬†(@LibDems) - 63,271 votes

Kahina Suzanna Bouhassane¬†(Green Party) - 60,781
Paul Adrian Richards¬†(Labour &amp; Co-operative Party) - 128,259
Roy Thomas Williams (Ind) - 30,408 | via @itvmeridian https://t.co/szBYUyn12A"
1392383405971623936,2021-05-12 07:37:27,0,1,"The new #ThamesValley Police and Crime Commissioner @TV_PCC @Matthew_Barber has promised to crack down on travellers camping illegally on private land.

PCC Barber said he will be working with local authorities to find ‚Äòtransit sites‚Äô

via @TheOxfordMail https://t.co/QNdXXa54Vb https://t.co/O9K0CTCfnz"
1392376590856765442,2021-05-12 07:10:23,4,2,"New Police and Crime Commissioners for Hampshire [CC @OPinkney] and Thames Valley Police have been announced.

Conservative Candidate @DonnaJonesPCC won in #Hampshire

While the PCC for #ThamesValley will be former Deputy PCC @Matthew_Barber [Conservative] https://t.co/2N1KktiTBI"
1392373258343829508,2021-05-12 06:57:08,0,0,"New #Hampshire Police Boss @DonnaJonesPCC promises 100s more officers &amp; overhaul of #emergencyservices calls

Ms Jones said her predecessor Conservative Michael Lane invested ‚Äúwell‚Äù in #youthservices &amp; she would like to carry that on. | via @Lymingtontimes https://t.co/xeg6EwPjZ6"
1392369751251464193,2021-05-12 06:43:12,1,0,"RT @UKHomeSecretary 28/4:

@TonyBunday Labour

@DonnaJonesPCC Conservative
Donna Jones has been a #magistrate in #Hampshire for 16 yrs
She is committed to increasing the no of #police on our streets in order to reduce crime

@SteveJBaileyPCC Hampshire Ind

https://t.co/MdSbJTMxCI https://t.co/dzbBXhBAFp"
1392169910277754884,2021-05-11 17:29:06,1,1,Via @standardnews https://t.co/LR7dYcnaHC
1392163635577950213,2021-05-11 17:04:10,0,0,Via @workpermitcom https://t.co/gIIzttthxo
1392163227342094342,2021-05-11 17:02:33,0,0,The Home Secretary has spoken at the National Cyber Security Centre‚Äôs CyberUK conference on cyber security. https://t.co/BWWhf0AhNg
1392162781810634758,2021-05-11 17:00:46,0,0,"Cyber crime and hacking law to be formally reviewed, Priti Patel announces | via @theipaper https://t.co/3oIPeCZKOn"
1392156653601107970,2021-05-11 16:36:25,12,8,"RT @_HenryBolton 6/5/20

A very brief explainer as to why the #UK is struggling to return #migrants who come across the #Channel in small boats to #France 

#DublinIII https://t.co/ZjNcAyLEa2 https://t.co/5AB1KGahnT"
1392146043547049985,2021-05-11 15:54:16,1,1,"9.10.20 @JewishNewsUK

But it is #Holocaust education &amp; #awareness that is highlighted in the list this year

‚Ä¢ @KarenPollock100 Chief Executive of @HolocaustUK is upgraded from MBE to CBE
‚Ä¢ @OliviaRMW who runs the Holocaust Memorial Trust is awarded OBE https://t.co/MXGp7cZq4A"
1392130828713529346,2021-05-11 14:53:48,1,1,Via @EasternEye https://t.co/qkSUmog5CU
1392126378749857796,2021-05-11 14:36:07,0,0,ü•á@DarrylPreston_ | via @BBCLookEast https://t.co/TDmopzFnSP
1392111310821855237,2021-05-11 13:36:15,0,0,ü•á@ChrisNelsonchr1 | via @GlosLiveOnline https://t.co/coqzkCY93L
1392106846492704769,2021-05-11 13:18:30,0,1,".@Keithhunter50 said he was proud to have left office after taking the ‚Äúbasket case‚Äù Humberbeat on to be one of the most improved forces in üá¨üáß

He added he had also fallen victim to @UKLabour‚Äôs lack of policies and direction nationally | via @thelincolnite https://t.co/J6LUPtrVox"
1392085510299045888,2021-05-11 11:53:44,0,0,Home Secretary‚Äôs Twitter is @ukhomeoffice / @PritiPatel https://t.co/ySzpVmyMhu
1392085458927161349,2021-05-11 11:53:31,0,0,Home Secretary‚Äôs Twitter is @ukhomeoffice / @PritiPatel https://t.co/L9oNaAPKvx
1392076951888728064,2021-05-11 11:19:43,5,1,".@_Lisa_Townsend:
The job @SurreyPolice do in our communities is greatly valued by the public.
I look forward to working together with the Chief Constable and providing the best support I can to his officers and staff who work so hard to keep #Surrey safe. https://t.co/mHgHEXRV1E"
1392064065925795845,2021-05-11 10:28:31,0,0,"...beat @Hannah4GwentPCC to be re-elected as PCC for the Gwent force area [@GP_CCKelly @GP_DCCBlakeman]

https://t.co/GpjYUuhrCy https://t.co/pPASVhmXIn"
1392063801068068875,2021-05-11 10:27:28,0,0,Labour‚Äôs Jeff Cuthbert and Alun Michael won comfortable re-election in Gwent [@GP_CCKelly @GP_DCCBlakeman] and South Wales. | via @NationCymru https://t.co/SKuCR50Iwn
1392061422826315776,2021-05-11 10:18:01,0,0,"ü•á@Jonathon_Seed, who stood for the Conservatives, received 40% of the vote in the first round of the Swindon and Wiltshire race and was #elected after it went to a second ballot.

Councillor Seed faced five other candidates for the post | via @thetimes https://t.co/lZTTNyMvtR"
1392058411001462790,2021-05-11 10:06:03,0,0,ü•á@Jonathon_Seed wins Wiltshire PCC race https://t.co/9wp0J8qALv
1392057518726291456,2021-05-11 10:02:30,0,0,"Mr Chinchen is a retired police chief superintendent who served for more than 30 years @metpoliceuk in London, before moving to Sheffield 6 years ago.

@DChinchen has also worked as an Immigration Officer and now runs a small, family business with his wife.https://t.co/w7BsTsUlLi"
1392056101340913665,2021-05-11 09:56:52,0,0,ü•à@DChinchen | via @yorkshirelive https://t.co/U10URZ1zp1
1392055939549782017,2021-05-11 09:56:13,0,0,Dr Billings stood against David Chinchen @DChinchen for the Conservatives | via @shftelegraph https://t.co/8c6IUH0eWa
1392053567599566851,2021-05-11 09:46:48,1,0,üéâ https://t.co/x8ZVMwOnjM
1391817232418803714,2021-05-10 18:07:41,0,0,ü•à@DChinchen | via @SheffieldStar https://t.co/F6x4dBb4pG
1391815709102120960,2021-05-10 18:01:38,0,0,Via @TheVoiceNews https://t.co/Pwns7jnvRO
1391791749215961101,2021-05-10 16:26:25,4,4,"Conservative @ChrisNelsonchr1ü•áis the new GlosPcc.
The retired Army officer has almost 40 years‚Äô public service, including operational police work, and with local councils.
Martin Surl IND, who has been in the job since it was created in 2012, finished 3rd.https://t.co/g5SmdTMeE5"
1391740865157156864,2021-05-10 13:04:14,0,0,"RT @SYPCC:

Dr Alan Billings wins the South Yorkshire Police &amp; Crime Commissioner election and returns as @SYPCC @AssocPCCs https://t.co/XYh3st3JMF"
1391731671561654273,2021-05-10 12:27:42,0,0,".@kuwaittimesnews:
Technically @KamalaHarris is not meant to deal with #border itself

@VP‚Äôs brief is to look for deeper solutions in Central American countries where most of #migrants start from-the ‚ÄúNorthern Triangle‚Äù of El Salvador, Guatemala &amp; Honduras.https://t.co/ycjcMjAsdu"
1391708184587472896,2021-05-10 10:54:22,0,1,"Gwent
...2nd placeü•à@Hannah4GwentPCC of the Conservative Party

...holding Gwent Police [@GP_CCKelly @GP_DCCBlakeman] to account | via @WalesOnline https://t.co/ZK65ot4zS5"
1391701338120196099,2021-05-10 10:27:10,1,0,"Following the local elections on Thursday, Labour‚Äôs @Keithhunter50 has been voted out.

Conservative Jonathan Evison will now take over the role overseeing the operation of Humberside Police [@CCLeeFreeman] https://t.co/15VPkBykBY"
1391542957296308225,2021-05-09 23:57:49,1,0,"The Home Secretary‚Äôs views on...

via @Daily_Express
https://t.co/uG2W9C5glD https://t.co/QecfcK2Joc"
1391537122499301380,2021-05-09 23:34:38,1,2,Via @HuffPostUK https://t.co/NmMf53leIy
1391520432742936576,2021-05-09 22:28:19,0,0,"28.1.21 @CaerphillyObsvr
‚ÄúBad batch‚Äù of #drugs may be in circulation, Gwent Police [@GP_CCKelly] warn

Chief Inspector @Amanda_J_Thomas: We believe there is a need to‚ö†Ô∏è
‚Ä¢ refrain from their use
‚Ä¢ seek immediate medical attention if begin to become unwell.https://t.co/1m1vhutihJ"
1391503584605446146,2021-05-09 21:21:22,1,0,"3 May 2021 @yorkshirepost
Patel vows to fight #countylines gangs | via @PressReader https://t.co/jFtfZHINQJ"
1391499176123510784,2021-05-09 21:03:51,3,0,"Fast-track #visas for Oscar, Grammy winners | via @Zimindependent @PressReader https://t.co/VjQdwnd6Rs"
1391491094265880581,2021-05-09 20:31:44,25,5,".@_Lisa_Townsend: An absolute privilege and honour to become #Surrey PCC

I  would like to thank everyone who has supported me... also like to thank outgoing @SurreyPCC David Munro for the dedication and care he has shown in the role for the last 5 years.

https://t.co/aFiVJRB3nO https://t.co/Pm217m8hcd"
1391458228798693377,2021-05-09 18:21:08,1,1,"...re-elected as Gwent‚Äôs Police &amp; Crime Commissioner

After 1st round, all but the Top 2 ‚Äì Mr Cuthbert and Ms Jarvis [@Hannah4GwentPCC] ‚Äì were eliminated

...responsible for holding Gwent Police [@GP_CCKelly @GP_DCCBlakeman] to account | via @SunshineRadio https://t.co/vHfdrTBHoV"
1391447798361505793,2021-05-09 17:39:41,1,2,"In Gwent after the second count...
Conservative @Hannah4GwentPCC 60,536ü•à| via @BBCCymruFyw https://t.co/GfBv50nfnY"
1391435667406786560,2021-05-09 16:51:29,0,0,".@southwalesargus:
ü•à@Hannah4GwentPCC of the Conservative Party

Mr Cuthbert, as Gwent‚Äôs PCC, is responsible for holding Gwent Police [@GP_CCKelly] to account on behalf of 5 local authority areas: Blaenau Gwent, Monmouthshire, Newport, Torfaen &amp; Caerphilly.https://t.co/4C2ymwSrgC"
1391375278350426112,2021-05-09 12:51:31,1,0,".@Daily_Express:
Priti Patel is ‚Äúruthlessly adamant‚Äù that she will overhaul Britain‚Äôs ‚Äúbroken‚Äù crime &amp; #immigration systems to ‚Äúdeliver on the people‚Äôs priorities.‚Äù

There will be ‚Äútough‚Äù new legislation to fix ‚Äúbroken #asylum system‚Äù &amp; immigration policy. https://t.co/i4CDA5n6UP"
1391358371517902848,2021-05-09 11:44:20,0,1,".@leicslive:
The Tory Candidate has taken back the Commissioner‚Äôs office which had been occupied by Labour since 2016.

Mr Matthews said he was pleased to have won but felt tired
ü•á@Rupert_Matthews: I was slated to be @Conservatives Candidate 20 months ago.https://t.co/yw2jw99kIa"
1391347766635470850,2021-05-09 11:02:12,1,1,"The @Conservatives have won the election for #Leicestershire PCC.

@Rupert_Matthews earned 135,566 votes, with Labour‚Äôs Ross Willmott receiving 102,211.
Incumbent Labour PCC Lord Willy Bach is stepping down following one term in the role. | via @BBCNews https://t.co/qszOfVaBNK"
1391340526184640517,2021-05-09 10:33:25,3,1,"8.5.21
Lisa Townsend has this evening been voted in as the new Police &amp; Crime Commissioner for #Surrey for the next 3 years.

@_Lisa_Townsend will formally start her role May 13 and will replace PCC @DavidJMunro [Independent elected 2016] | via @surreylive https://t.co/vjtN5w3at3"
1391197392821698566,2021-05-09 01:04:40,6,3,Via @MailOnline https://t.co/GkEGNtcqTR
1391197294985363456,2021-05-09 01:04:16,0,1,Via @Daily_Express https://t.co/i4CDA5n6UP
1391138344306937865,2021-05-08 21:10:02,0,0,"Mr Evison [@Conservatives] defeated Keith Hunter after a second round of votes was counted at Bridlington Spa.

Following the second count, Mr Evison won 74,534 votes compared to #incumbent PCC @Keithhunter50‚Äôs 71,615. | via @BBCNews https://t.co/VWmlNappkB"
1391136721421619202,2021-05-08 21:03:35,2,1,Labour‚Äôs @Keithhunter50 unseated as Humberside PCC by Conservative Jonathan Evison | via @hulllive https://t.co/2qpkYyic7M
1391081317438271492,2021-05-08 17:23:25,2,0,"The @Conservatives Candidate secured 54% of the vote.

In a statement @Hirst4EssexPFCC said: ‚ÄúThis is a sobering level of endorsement from the people of #Essex. I am grateful that they are clearly appreciating what we have been doing over the past 5 years.‚Äùhttps://t.co/UOWBfO4oq2"
1391080051920314371,2021-05-08 17:18:24,3,0,"Roger Hirst has been re-elected as @EssexPFCC

@Hirst4EssexPFCC said: ‚ÄúI would like to say thank you to everyone involved in the election across the #Essex county, in particular the Police Area Returning Officer Adrian Pritchard and his team‚Äù | via @EADT24 https://t.co/8rbzzIkZq3"
1391052357790744579,2021-05-08 15:28:21,1,0,".@MarcJonesLincs [@Conservatives], who won the last PCC election in #Lincolnshire back in 2016, retains the role after winning with over 100,000 votesü•á

PCC Jones was re-elected today with a 57.9% majority from the first round of counting | via @LincsLive https://t.co/ReqWPfPheT"
1391047604931284992,2021-05-08 15:09:28,0,0,"Conservative re-elected as #Lincs PCC
Speaking after results Mr Jones said there was ‚Äúan awful lot more work to do‚Äù
@MarcJonesLincs: It‚Äôs very gratifying to have concluded today on 1st count. He wanted to assure public that ‚Äúnothing was taken for granted‚Äù

https://t.co/jToOwyfEAF https://t.co/Pvsat8aVbr"
1390993389995401216,2021-05-08 11:34:02,0,0,"Following recent announcement that Staffordshire is set to gain 72 new police officers as part of PM‚Äôs commitment to increasing police numbers, @theodoraclarke MP for Stafford met with Rt Hon Priti Patel MP, the Home Secretary, in her Stafford constituency.https://t.co/7Otw1WZYZt"
1390976621826482176,2021-05-08 10:27:24,0,0,".@Bournemouthecho:
Mr Sidwick will replace Martyn Underhill @Tosh599 [Ex-@PCCDorset], the independent who had held the role since 2012, after he decided against standing for re-election.

ü•à@danhardydorset
ü•â@claire_seymour2 https://t.co/93VWHNVANq"
1390962519842373635,2021-05-08 09:31:22,0,1,"7 May 2021
Home Secretary makes a further non-executive #appointment to Board of the Independent Office for #Police Conduct.

Ex-@NorthYorksPFCC @Julia_Mulligan has now also joined the Board as the Senior #Independent Director (the lead non-executive role).https://t.co/BoGjbknRJD"
1390959495300501506,2021-05-08 09:19:21,1,0,"This is the man who will be taking some of the big decisions on #emergencyservices in #NorthYorkshire for the next few years.

He is Conservative Philip Allott @PhilAllott4PFCC, who succeeds @Julia_Mulligan as the second @northyorkspfcc | via @theyorkmix https://t.co/yX8F4la7aX"
1390953781626605569,2021-05-08 08:56:38,0,0,".@AlisonHernandez was delivering leaflets in #Paignton when she was bitten on the hand

Ms Hernandez [@Conservatives] is being challenged by:

Labour‚Äôs Gareth Derrick
Lib Dem candidate is Brian Blake
Green Party contender is Stuart Jackson | via @ThePacket https://t.co/Rs9RyqPBOF"
1390951156457816065,2021-05-08 08:46:12,0,0,".@AlisonHernandez is standing for re-election in #Devon and #Cornwall, a role she has held since 2016.
...count taking place on Monday. https://t.co/f5Vy2JrHFk"
1390947887891222529,2021-05-08 08:33:13,0,0,Via @M_Star_Online https://t.co/HBfv3Ye9XK
1390802273090117634,2021-05-07 22:54:36,0,0,Philip Allott [new @northyorkspfcc] replaces @Julia_Mulligan | via @thestrayferret https://t.co/jv4MRoxnv7
1390799670214021124,2021-05-07 22:44:15,0,1,"The @Conservatives have won the election for #NorthYorkshire‚Äôs new PFCC.

Philip Allott will take over @northyorkspfcc from Conservative former Commissioner @Julia_Mulligan, who decided to step down from the role at the end of her term.

via @yorkpress https://t.co/GM0yal0gvT https://t.co/Dmpbs3Jebc"
1390796550926999557,2021-05-07 22:31:52,0,1,"Philip Allott @PhilAllott4PFCC has been elected as @northyorkspfcc, the Police, Fire and Crime Commissioner for #NorthYorkshire

The @Conservatives Candidate was #elected in the second count, taking the win against Labour‚Äôs Alison Hume. | via @itvtynetees https://t.co/FiFvKwXb5z"
1390794385961410561,2021-05-07 22:23:15,1,1,"Speaking after his election, Mr Allott [@northyorkspfcc] said his priority would be getting #funding for new equipment, including uniforms for #firefighters

@PhilAllott4PFCC: At the moment the funding formula from Gov discriminates against #NorthYorkshire https://t.co/GujDVr5WAf"
1390784198345117704,2021-05-07 21:42:47,0,0,"According to Times, #Police Chiefs

[@BJH251 @merpolchiefcon
@GP_CCKelly @CCLeicsPolice
@CCSuffolkPolice @CCJoShiner
@CCGarryForsyth @CCLeeFreeman
@CCJamesVaughan @OPinkney etc]

have been told @ukhomeoffice will #compare their performance against national https://t.co/H9bGVxMy1W"
1390783753056829440,2021-05-07 21:41:00,1,1,"Conservative is new @PCCDorset [@CCJamesVaughan‚Äôs PCC]

#Bournemouth businessman Mr Sidwick will replace @Tosh599, the independent who had held the role since 2012

ü•àIn 2nd place was independent @danhardydorset
ü•âGreen Party‚Äôs @claire_seymour2 came in 3rd https://t.co/Y7TivBwyXq"
1390780213135618063,2021-05-07 21:26:56,0,0,"#IoW Police are conducting a drug raid on #Ryde Theatre this afternoon (Wednesday 5 May)

Hampshire Constabulary [CC @OPinkney] is conducting enquiries at Ryde #theatre as part of an ongoing investigation into the supply of class A #drugs | via @iwcponline https://t.co/h4OPtuYjQO"
1390763887293829125,2021-05-07 20:22:04,1,1,.@AlisonHernandez calls for tougher sentences for #pettheft | via @SouthWestFarmer 25/2/21 https://t.co/apdwY8Vxv9
1390759336327122946,2021-05-07 20:03:59,1,1,@3markcooper @AlisonHernandez 6 May 2016
1390747256605773827,2021-05-07 19:15:59,0,0,"#EconomicCrime Strategic Board 17 Feb 2021 agenda and minutes
Published 4 May 2021

Time: 10am-11:30 am
Location: Virtual
Attendee List:
The Rt Hon. Priti Patel MP
Home Secretary, Home Office

Baroness Williams @SusanBaroness
Minister of State, Home Office
https://t.co/idBqTqpWzB"
1390672436681711617,2021-05-07 14:18:41,4,2,"..sex offenders register. 

The sisters started a #petition https://t.co/6t0NGySE5D

@Claire_Annexo told @itvanglia that it shouldn‚Äôt be such an uphill struggle.

@holmdawg26: ‚ÄúIt has completely taken over our lives and it‚Äôs draining it‚Äôs really draining‚Äù

https://t.co/ueNmppeqn7 https://t.co/vYYv33FDpY"
1390645857406554120,2021-05-07 12:33:04,0,0,"16.3.21 @CravenHerald
#Craven anti-#speeding groups benefit from selling of historic AJ1 number plate

Mrs Mulligan [Commissioner @Julia_Mulligan], who stands down from @northyorkspfcc at May elections, decided, along with #NorthYorkshire‚Äôs CC Lisa Winward https://t.co/9q6E26WiOe"
1390598702499311619,2021-05-07 09:25:41,2,2,"Scam victims could be reimbursed money lost to fraudsters using suspected criminal funds taken from ‚Äúfrozen‚Äù bank accounts under new plans announced by Gov

In an update on #economiccrime Home Office also revealed formal consultation on digital advertising https://t.co/RuB4esoMKI"
1390590551075041281,2021-05-07 08:53:17,0,0,"RT @HolocaustUK‚Äôs @KarenPollock100 25/4/2021:

‚ÄúStop using the #Holocaust to make whatever point you want to make. 

This @JewishChron also may help.‚Äù

https://t.co/4dQpywCvPs https://t.co/U5cXwcLvtJ"
1390410497984503813,2021-05-06 20:57:49,1,0,".@WiltsAndGlosStd: ...do to build good community relationships between residents and #Wiltshire Police?

Conservative @Jonathon_Seed:
‚ÄúBy #listening more, communicating better, championing #local issues and putting the time in to build those relationships.‚Äùhttps://t.co/jeCTWMPsHA"
1390407586638348292,2021-05-06 20:46:15,0,1,".@HgateAdvertiser:
@PhilAllott4PFCC said he discussed #pettheft last week with Home Secretary by Zoom

Mr Allott said he supports making #dogtheft a specific #criminal offence &amp; also wants one standard database accessible to vets &amp; law enforcement agencies.https://t.co/8NTgj3xxap"
1390383333025124352,2021-05-06 19:09:53,1,1,"How will you ensure women &amp; girls are safe from #maleviolence &amp; abuse?

@KatyBourne: Not all men harass women
As [#Sussex] PCC, I am working with #local service providers
If re-elected, I intend to provide more preventative #measures to address this issue

https://t.co/RlMdCdF1al https://t.co/oOnJF0TSr7"
1390358587877244928,2021-05-06 17:31:33,0,1,"9.4.21 @thelincolnite

The #Humberside candidates

Incumbent PCC Labour‚Äôs @Keithhunter50 was elected in 2016 and will be hoping to retain his position.

Two challengers
Jonathan Evison (Conservative)
Bob Morgan (Liberal Democrats) https://t.co/HE73hRfoSA"
1390325541631401988,2021-05-06 15:20:14,3,2,"23.4.21
Priti Patel visited #Clitheroe as part of tour supporting @ConservativePCC
Ms Patel was at Holmes Mill to support #Lancashire PCC Candidate @SnowdenForPCC

Home Secretary: ‚ÄúI want more Conservative PCCs elected to #deliver on our national #agenda‚Äù

https://t.co/3bPndlCLiP https://t.co/03lWkcvqSp"
1390320324810616837,2021-05-06 14:59:30,0,1,"#Lancs PCC held by Labour since 2012

@SnowdenForPCC pledges to
‚Ä¢ Ensure every district area of #Lancashire has #police reception desk open to public
‚Ä¢ Focus on #rural crime, which Mr Snowden claims has been low priority for last 9 years | via @LiveLancs https://t.co/J7Mysp7mPf"
1390312163689041922,2021-05-06 14:27:05,0,0,"29/4 @ThurrockGazette
Fighting to retain role as #Essex PFCC is Conservative Roger Hirst, who vows to bring crime rates down if re-elected.

@Hirst4EssexPFCC: ‚ÄúI will continue to champion the rights of #victims...Restorative Justice and Mediation Services.‚Äùhttps://t.co/w3lZVxwbhi"
1390309133442699265,2021-05-06 14:15:02,3,3,"‚úçÔ∏è@AlexBurghart MP, #Brentwood &amp; #Ongar [#Essex]

Thanks to work of @Hirst4EssexPFCC, we are getting even more newüëÆ‚Äç‚ôÇÔ∏èthan first expected as Roger has managed to bring in additional #funding

These new resources are going to help further #reducecrime locally https://t.co/wufDVmHbk0"
1390258393844273152,2021-05-06 10:53:25,1,2,"#Surrey
Cons @_Lisa_Townsend: ‚Äú...my #experience in #policy and #communications to secure #funding and #support ourüëÆ‚Äç‚ôÇÔ∏èby making the case to highest levels of Govt.‚Äù

Zero Tolerance Kevin Hurley
Lab Howard Kaye
LibDem Paul Kennedy
Ind David Munro [incumbent]
https://t.co/L2zKOflBGs"
1390220344074686469,2021-05-06 08:22:13,0,0,"Conservative @Jonathon_Seed says he has new set of ideas for voters
Councillor Seed: ‚ÄúI hope that they will see more #visible, more #effective #robust #policing
MoreüëÆ‚Äç‚ôÇÔ∏èin the community‚Äù

LibDem Liz Webster
Ind Mike Rees
Lab Junab Ali
Reform Julian Malins QC https://t.co/EhGOO2U8s0"
1390055468064727040,2021-05-05 21:27:04,0,0,"18 August 2018
Police and Crime Commissioner for #NorthYorkshire, @Julia_Mulligan, and new Chief Constable for North #Yorkshire Police, Lisa Winward, held a joint press conference on Friday (17 August) at #Harrogate Police Station. 

via @Harrogate_News https://t.co/HKh4t0AdUO https://t.co/5aaqR38pAx"
1390051222531497990,2021-05-05 21:10:12,0,1,"23.4.21
Julia Mulligan, the current Police, Fire &amp; Crime Commissioner for North Yorkshire, has been appointed as chair of Police Advisory Board for England &amp; Wales

@Julia_Mulligan stands down @northyorkspfcc May 7

Chair of PABEW advises Home Secretary on
https://t.co/wUWftb7IOQ https://t.co/ltQhiuEPNs"
1390034998489751552,2021-05-05 20:05:43,4,4,".@KatyBourne: As PCC I have
‚Ä¢ Robustly heldüëÆ‚Äç‚ôÇÔ∏èto account on behalf of residents
‚Ä¢ Established ground-breaking #earlyintervention scheme
‚Ä¢ Delivered on #rural &amp; #business community crime concerns
‚Ä¢ Ensured #Sussex Police treat #roadsafety &amp; ASB seriously.https://t.co/vBcVn4vf2a"
1390019576868622342,2021-05-05 19:04:27,0,1,"30.4.21 @InYourArea_UK

@AlisonHernandez said #dogtheft had been a serious concern

‚ÄúI‚Äôve spoken to the #rural crime team officer today about the #dog #theft challenge and what is happening
I believe next step will be some form of #Crimestoppers campaign‚Äù

https://t.co/aK2bH7WBa7 https://t.co/sV5RF0FuVU"
1390013455143473159,2021-05-05 18:40:07,0,1,".@InYourArea_UK: DC_PCC candidates explain why #MidDevon voters matter

@AlisonHernandez: Got it fully funded to reopen #Tiverton Police Station to the public
She encouraged people to https://t.co/xhjGoLnaTI to put forward stations they‚Äôd like to see open

https://t.co/aK2bH7WBa7 https://t.co/SkXu4GgLF6"
1390010165844451334,2021-05-05 18:27:03,0,1,"Conservative #Devon #Cornwall PCC Candidate @AlisonHernandez told people to #vote for her on May 6 because she has 5 years #experience and a track record of #action

Ms Hernandez said: I can promise you more
We are 2nd-#lowestcrime rate area in the country https://t.co/aK2bH7WBa7"
1389991665901920256,2021-05-05 17:13:32,0,0,Via @FarmersWeekly https://t.co/KQEbUMeXk4
1389991491284701189,2021-05-05 17:12:50,0,0,Via @CountyTimes https://t.co/sIcDSW0UBC
1389968148250697731,2021-05-05 15:40:05,0,1,".@LincsLive: Sat 8 May #Lincolnshire PCC #electionüó≥ announced

Marc Jones @Conservatives
@MarcJonesLincs said he is standing again because he wants to #continue his #work.

Rosanne Kirk Lab
David Williams LincsInd
Ross Pepper LibDem
@EscreetPeter ReformUK https://t.co/UK3OGoBlXr"
1389959298600550402,2021-05-05 15:04:55,0,0,"Donna Jones¬†from #Portsmouth, @Conservatives

In her statement, @DonnaJonesPCC wrote:
‚ÄúI want to open new #police stations¬†&amp;¬†front desks &amp; increaseüëÆ‚Äç‚ôÇÔ∏è#visibility‚Äù
She also pledges to campaign for #tougher sentences &amp; a #zerotolerance approach to #knifecrime https://t.co/HLhCxJZlZy"
1389950529137217539,2021-05-05 14:30:04,2,2,".@DarrylPreston_: I started my career üëÆ‚Äç‚ôÇÔ∏èMPS ‚Äò83 transferred to #Cambridgeshire Constabulary ‚Äò98

As your #Police &amp; Crime Commissioner I will do even more -
‚Ä¢ I will champion #victims
‚Ä¢ I will #workhard to end automatic release of all dangerous criminals

https://t.co/jRjLnVbmhg https://t.co/TV7eGEbjtj"
1389943371481878530,2021-05-05 14:01:38,0,0,"RT #Brighton and #Hove Conservatives @BrightonandHov3 7/4/2021:

#VoteConservative on 6th May

#Sussex Police &amp; Crime Commissioner @KatyBourne [#MorePoliceSaferStreets]

it matters who is in charge ‚§µÔ∏è https://t.co/ap4DRVcbD8"
1389937310112833538,2021-05-05 13:37:33,6,3,"Below are the responses from @Conservatives Candidate Katy Bourne

@KatyBourne: I will also continue directing significant #funding into domestic &amp; serious sexual abuse services.
This year alone, I have successfully secured ¬£3.4m of gov funding for #Sussex https://t.co/RGVYsnek1N"
1389905073124384772,2021-05-05 11:29:27,0,1,"The Press, #York: If elected what will key priorities be
@PhilAllott4PFCC:

‚Ä¢ #Recruitment of furtherüëÆ‚Äç‚ôÇÔ∏è
‚Ä¢ Targeting #countylines drugdealers more #support for victims
‚Ä¢ #Tough stance on #dog crimes
‚Ä¢ Further resources for #rural police | via @yorkpress https://t.co/A5AeH9svlY"
1389885090537353217,2021-05-05 10:10:03,3,3,"RT @Hirst4EssexPFCC 2 days ago:

With Conservative Government #support, I will #fund another 300 #Police Officers in #Essex, on top of the 500 we have already hired, making Essex Police #bigger and #stronger than it has ever been - and #GetCrimeDown https://t.co/herhxTrvTL"
1389874791809748992,2021-05-05 09:29:07,0,1,".@DarrylPreston_ is a former senior #police officer, who served for 10 years with the Metropolitan Police and 20 years in #Cambridgeshire.

After retiring from the police force, Mr Preston became a senior official @AssocPCCs in Westminster | via @huntspost https://t.co/ThGL9xGS6e"
1389869395397259265,2021-05-05 09:07:41,0,1,".@cambstimes: Police and Crime Commissioner #vote will end uncertainty

The Conservatives have a new Candidate for #Cambridgeshire #Peterborough PCC election @DarrylPreston_, who will compete with candidates from Labour, Reform UK and the Liberal Democrats.https://t.co/eRyZATszZS"
1389862744359383041,2021-05-05 08:41:15,0,3,"Philip Allott @Conservatives Candidate #NorthYorkshire PFCC

@PhilAllott4PFCC - MD specialist PR agency, set out 6pt #plan to tackle crime focussing on how new uplift of 200üëÆ‚Äç‚ôÇÔ∏èare deployed, as well as dealing with #antisocialbehaviour #burglary #countylines.https://t.co/mjRXKea7z8"
1389848247963852806,2021-05-05 07:43:39,0,2,"Chris Nelson @Conservatives
@ChrisNelsonchr1:
‚ÄúI love #Gloucestershire...I have served in the #Army and as a local politician and have almost 40 yrs of #publicservice‚Äù

Martin Surl [incumbent] Ind
Simon O‚ÄôRourke Lab
Chris Coleman LibDem
Adrian Stratton Ind
https://t.co/NijL7EpHee https://t.co/1B8RLU17z8"
1389847903716450306,2021-05-05 07:42:17,1,2,"4 May 2021 @stroudnews
@ChrisNelsonchr1: My top 6 priorities
‚Ä¢ Recruit 300 moreüëÆ‚Äç‚ôÇÔ∏è
‚Ä¢ Cut #AntiSocialBehaviour
‚Ä¢ Fix 101 non-emergency call system
‚Ä¢ Fight #RuralCrime
‚Ä¢ Reduce Internet/Phone #Scams
‚Ä¢ End culture of spin &amp; waste in Commissioner‚Äôs Office https://t.co/Gi6l9pN6sq"
1389847238306828290,2021-05-05 07:39:38,1,2,"GlosPCC has been held by retiredüëÆ‚Äç‚ôÇÔ∏èMartin Surl since 2012

Chris Nelson @Conservatives
@ChrisNelsonchr1 is a retired #Army officer with almost 40 years #publicservice incl operational work with #police &amp; years as borough councillor &amp; parish council chairman.https://t.co/tNcyeUQb89"
1389695275594354692,2021-05-04 21:35:47,0,0,Via @JagranNews https://t.co/0VShbaTrol
1389693820175015937,2021-05-04 21:30:00,0,0,Via @WebduniaHindi https://t.co/Au3TprdUEg
1389691820616081410,2021-05-04 21:22:03,0,0,Via @ZeeNews https://t.co/anZuKSDrNp
1389674130275016711,2021-05-04 20:11:46,0,1,"Katy Bourne Cons
@KatyBourne: As current PCC, I‚Äôve successfully supported victims &amp; invested in #frontline #policing.
I want to continue with policing #investment

Challengers
@JamieBen120689 LibDem
Kahina Bouhassane Grn
Paul Richards Lab

via @itvmeridian https://t.co/sI3kQb4OwO https://t.co/ZtzCcEDUOj"
1389661564475691018,2021-05-04 19:21:50,0,1,"David Sidwick @Conservatives
@Sidwick4Dorset (#Bournemouth businessman) has created 6-pt #plan, top billing given to ‚Äúcutting crime‚Äù &amp; ‚Äúconstant grind of #antisocialbehaviour‚Äù

Patrick Canavan Lab
Mark Robson LibDem
@claire_seymour2 Grn
@danhardydorset Ind https://t.co/Wd0x2li7UC"
1389656036655738882,2021-05-04 18:59:52,0,0,Via @TheNationalNews https://t.co/Stq0yWe0yz
1389639108423729154,2021-05-04 17:52:36,0,0,Via @AmarUjalaNews https://t.co/PYbT0Qb1nS
1389638428757745671,2021-05-04 17:49:54,0,0,Via @DeccanHerald https://t.co/kRo31dA9Uc
1389636569326358528,2021-05-04 17:42:30,0,0,Via @ukhomeoffice https://t.co/rzfej7P8QR
1389634693482561545,2021-05-04 17:35:03,0,0,"#SouthYorkshire PCC candidates quizzed over women‚Äôs #safety

@DChinchen: ‚ÄúI‚Äôm actually really focussed on the offender when it comes to crime, because I believe that ultimately, if you deal with #offenders first, then fewer crimes mean fewer #victims.‚Äù

https://t.co/EdMWptb81h https://t.co/rubptbXks2"
1389623999806722054,2021-05-04 16:52:34,2,2,"David Chinchen is campaigning to win SYPCC, held by Labour since 2012

Mr Chinchen: ‚ÄúThis for me is about giving something back &amp; making a difference.‚Äù
If elected, @DChinchen will be making the #protection of small #businesses a priority

via @SheffieldCon https://t.co/Mt80viLx2o https://t.co/smQLmONhKr"
1389617956557033473,2021-05-04 16:28:33,1,2,"7 Mar 2020 @SheffieldStar
The Conservatives have selected retired Chief Supt @DChinchen to be their Candidate for #SouthYorkshire #Police &amp; Crime Commissioner #election

David Chinchen served for over 30 years asüëÆ‚Äç‚ôÇÔ∏èand also worked as an #immigration officer https://t.co/LufjP0teGl"
1389612972809539584,2021-05-04 16:08:45,2,1,"David Chinchen @Conservatives
@DChinchen: ‚ÄúI have spoken to people across #SouthYorkshire
This government is investing in #policing and I, with my #experience, will make sure #localpolicing teams return‚Äù

Alan Billings [incumbent] Labour
Joe Otten Lib Dem https://t.co/eELOyFwibV"
1389584739724574722,2021-05-04 14:16:33,0,3,"ESSEX
There are four candidates standing for Police, Fire &amp; Crime Commissioner in #Essex
‚Ä¢ Roger Hirst @Hirst4EssexPFCC [incumbent] - @Conservatives

‚Ä¢ Robin Tilbrook - English Democrats
‚Ä¢ Chris Vince - Labour
‚Ä¢ Jon Whitehouse - Lib Dem

via @itvanglia https://t.co/HGYCWw0PYx https://t.co/ZliQKeELbM"
1389584062831022089,2021-05-04 14:13:52,0,3,"THAMES VALLEY
There are four candidates standing for TV_PCC in the #ThamesValley police force area, which includes #MiltonKeynes.

‚Ä¢ @Matthew_Barber @Conservatives
‚Ä¢ Laetisia Carter Labour
‚Ä¢ John Howson Lib Dem
‚Ä¢ Alan Robinson Independent

via @itvnews https://t.co/HGYCWw0PYx https://t.co/hyAa7kO1OQ"
1389551577871093762,2021-05-04 12:04:47,0,2,"New PCC #elections will be held on 6 May &amp; new Commissioners will serve a reduced 3-year term to get #election cycle back on track

#CAMBRIDGESHIRE
@DarrylPreston_ @Conservatives
Nicky Massey Lab
Sue Morris Reform
Rupert Moss-Eccardt LibDem

via @itvanglia https://t.co/HGYCWw0PYx https://t.co/R0HEzt6040"
1389540678573645829,2021-05-04 11:21:28,9,10,"29.4.21
Ms Patel was in #Dorset to support PCCDorset Candidate David Sidwick [@Conservatives]

@Sidwick4Dorset said: I was delighted to welcome Home Secretary and show her the excellent work staff at the #refuge are doing every day to help victims of abuse.https://t.co/3n8d4Of1WA"
1389512477575090181,2021-05-04 09:29:25,0,0,"Alison Hernandez, Conservative PCC Candidate #Devon #Cornwall

@AlisonHernandez promises to:
‚Ä¢ Re-openüëÆ‚Äç‚ôÇÔ∏èfront offices
‚Ä¢ IncreaseüëÆ‚Äç‚ôÇÔ∏èon foot patrol
‚Ä¢ Improve #roadsafety
‚Ä¢ Tackle #dogtheft
‚Ä¢ Cut crime in hotspots
‚Ä¢ Continue supporting #rural communities https://t.co/8qOTuu4ivf"
1389507551792975872,2021-05-04 09:09:50,2,2,"6 May 2016
@AlisonHernandez has been elected as DC_PCC

Ms Hernandez said: ‚ÄúI‚Äôm just delighted that the people of #Devon and #Cornwall and the #IslesofScilly have put their faith in me to get the #best out of Devon &amp; Cornwall #Police and keep us all #safe.‚Äùhttps://t.co/G19LkMYKek"
1389503938471333888,2021-05-04 08:55:29,0,1,".@AlisonHernandez (@Conservatives)
Brian Blake (Liberal Democrats)
Stuart Jackson (Green Party)
Gareth Derrick (Labour)

Ms Hernandez narrowly beat Mr Derrick last time round in 2016 to become the Commissioner for #Devon, #Cornwall, and the #IslesofScilly https://t.co/jQZqW3UmkQ"
1389497804427517954,2021-05-04 08:31:06,0,1,".@iwightradio: The current HantsPCC, Michael Lane, is not running for re-election.

@DonnaJonesPCC, @Conservatives
Richard Murphy, Liberal Democrats
@SteveJBaileyPCC, Hampshire Independents
@TonyBunday, Labour &amp; Co-Operative

Election takes place on May 6 https://t.co/80TV3OfQMq"
1389493961178374144,2021-05-04 08:15:50,1,0,".@iwcponline: Will you be reviewing 999 &amp; 101 services?

@DonnaJonesPCC: Yes, a lot of people have shared their frustration at not getting feedback after reporting a crime
I‚Äôm going to make these services feed into a bigger picture of what police are doing.https://t.co/qXI5uDjf9q"
1389491673726693406,2021-05-04 08:06:45,3,1,"2 May @iwcponline
@DonnaJonesPCC:
‚Ä¢ My 1Ô∏è‚É£ priority is to increase no of #police across whole constabulary area [#IoW #Hampshire]
‚Ä¢ My 2Ô∏è‚É£ priority is to increase visibility of police. By #investing in new technology
‚Ä¢ 3Ô∏è‚É£ is to tackle #antisocialbehaviour https://t.co/qXI5uDjf9q"
1389343563268378624,2021-05-03 22:18:12,0,0,"PM Johnson at Surfside restaurant in Seaton Carew with @Conservatives by-#election Candidate @Jill4Hartlepool

Other high-profile Cabinet members have also come to #Hartlepool including Chancellor Rishi Sunak and Home Secretary Priti Patel | via @HPoolMail https://t.co/UBW36SOGo3"
1389331782722539521,2021-05-03 21:31:24,0,1,"Marc Jones [@Conservatives] was 2nd elected PCC of #Lincolnshire May 2016

@MarcJonesLincs:
‚Ä¢ Says he has taken LincsPolice from ‚Äúbrink of bankruptcy‚Äù to financially stable service for Lincs with record police officer #recruitment
‚Ä¢ Has targeted #funding https://t.co/ZDNAj0c2jy"
1389326246098743298,2021-05-03 21:09:24,5,2,".@CllrWillRussell:
My priorities for #BrentwoodWest
- Cleaner streets
- Bring forward initiatives to kick start local economy post pandemic
- Provide support to local traders and businesses
- Work with @Hirst4EssexPFCC our Police, Fire &amp; Crime Commissioner https://t.co/RAuiXDUXJI"
1389316253844652043,2021-05-03 20:29:41,4,0,"#Prettygate
Richard Bourne, Lab
John Burgess, Green
Natalie Edgoose, Green
Sue Lissimore, Con
John Loxley, Lib Dem
@Leigh_Tate_, Con
Victoria Weaver, Lab

#Stanway
Kevin Brown, Lab
@JeremyHagon @BetterStanway, Con
John McArthur, Green
Paul Williams, LibDem https://t.co/R5CPvRSgnR"
1389301733902495748,2021-05-03 19:31:59,0,0,Via @Conservatives https://t.co/g53UfG09u3 https://t.co/F4QKr7tp9R
1389283852330405890,2021-05-03 18:20:56,6,3,"Rt Hon Priti Patel said:
This is an important campaign [#pettheft] and I want to support @PhilAllott4PFCC in his work
..alongside his wider agenda in tackling #countylines drug gangs and making sure we have more #police on the streets.

via @Harrogate_News https://t.co/ZrltnH8HtZ https://t.co/oLmzYEWUcY"
1389271580669251588,2021-05-03 17:32:10,2,1,"RT @AlisonHernandez 8/4/21

It‚Äôs a pleasure to work with @pritipatel who is a strong Home Secretary that listens to our communities concerns and takes action on them.
#Teamwork #Conservatives #Devon #Cornwall #Truro #Exeter #Plymouth #Torbay #IslesofScilly https://t.co/udXH7kthiQ"
1389244959992254466,2021-05-03 15:46:24,1,1,"29/4
Home Secretary visited Yorkshire this morning

@PhilAllott4PFCC said:
Today is about highlighting #dogtheft in #NorthYorkshire and elsewhere in üá¨üáß
I am asking @UKHomeSecretary if we can have a new category, at the moment it comes under general #theft

https://t.co/ZrltnH8HtZ https://t.co/qmluTZpR4i"
1389240093064445958,2021-05-03 15:27:03,2,2,"Commissioner @Julia_Mulligan standing down

Philip Allott @Conservatives
Toughened approach to crack down on #CountyLines would be top of @PhilAllott4PFCC‚Äôs agenda if he is named new northyorkspfcc

Alison Hume Labour
James Barker Lib Dem
Keith Tordoff IND
https://t.co/H6uYfKWTdx https://t.co/e95003owHr"
1389224471278596096,2021-05-03 14:24:59,0,1,"Jonathon Seed @Conservatives
@Jonathon_Seed: MoreüëÆ‚Äç‚ôÇÔ∏èin our #communities to help deal with demand on #policing and local people tell me they want that too.

Liz Webster LibDem
Junab Ali Labour
Mike Rees IND
Brig Oubridge Green Party
Julian Malins QC ReformUK
https://t.co/WHoBxzHiLx"
1389213786297573379,2021-05-03 13:42:31,0,0,".@Jonathon_Seed:
This website is to let you know what I am engaged in with my campaign to be your next [@Conservatives] Police and Crime Commissioner

If elected on 6 May I will deliver the #visible #effective and #robust policing #Wiltshire #Swindon needs.https://t.co/1H4iAvk00V"
1389206838789431297,2021-05-03 13:14:55,3,1,"Hannah Jarvis @Conservatives
@Hannah4GwentPCC: I‚Äôm a #hardworking single-parent with a #military background #committed to serving the public.

Jeff Cuthbert [incumbent] Labour
Donna Cushing Plaid Cymru
Clayton Jones Gwlad
Paul Harley IND
John Miller LibDem https://t.co/6SMWTGQ7fv"
1389199748767404036,2021-05-03 12:46:44,1,1,"Mr Barber has been Deputy TV_PCC since 2016

@Matthew_Barber: I‚Äôve got my top 5 priorities
No 1 is strong #localpolicing, making sure we get more visible #policing on the streets, working really hard to make sure that #NeighbourhoodPolicing is bolstered.https://t.co/stdU5gVZAR"
1389195721790959618,2021-05-03 12:30:44,1,1,"Matthew Barber @Conservatives
@Matthew_Barber: As PCC I will #work constructively to get best deal from Govt, to #deliver resources, powers &amp; protections our brave #police officers need.

John Howson Lib Dem
Laetisia Carter Labour
Alan Robinson Independent https://t.co/Z9hJmMN8Lh"
1389189143968813056,2021-05-03 12:04:36,1,3,"Rupert Matthews @Conservatives
@Rupert_Matthews: As PCC I will commission effective services to #support &amp; care for #victims of crime while taking proactive steps to #prevent crime from happening in the first place.

Ross Willmott Labour
James Moore LibDem https://t.co/88ZFHajMyh"
1389182004663627777,2021-05-03 11:36:14,1,2,"2 March 2019
#EastMidlands MEP @Rupert_Matthews has won the race to become @Conservatives Candidate aiming to take back #Leicestershire PCC from Labour

Mr Matthews told @leicslive: We‚Äôve got a ü•Ä majority to overcome and the phrase is ‚Äúquietly #confident‚Äù.https://t.co/2G2m3dlDzi"
1389174568577863680,2021-05-03 11:06:41,0,0,Via @workpermitcom https://t.co/Nto19Farv9
1389162448700198912,2021-05-03 10:18:31,0,1,"Darryl Preston @Conservatives
@DarrylPreston_ former senior police officer. He says he joinedüëÆ‚Äç‚ôÇÔ∏èto #catch criminals, #help victims &amp; keep people #safe. His motivation to be PCC is the same.

Nicky Massey Labour
Rupert Moss-Eccardt LibDem
Sue Morris ReformUK https://t.co/uJcm0FYekj"
1389141192550633472,2021-05-03 08:54:03,0,0,"üì¢@Daily_Express:

Priti Patel, Rishi Sunak and Dominic Raab are all expected to remain in place in the upcoming July #reshuffle.

Similarly, Health Secretary, Matt Hancock, is also likely to keep his place due to the successful rollout of üíâ in the UK.https://t.co/sSFDbvxzlS"
1388983113003450368,2021-05-02 22:25:54,0,1,"Incumbent Katy Bourne, @Conservatives
@KatyBourne: Having served as #Sussex PCC since 2012, I have the #experience and proven track record

Four challengers:
@JamieBen120689, Lib Dem
Kahina Bouhassane, Green
Paul Richards, Labour
Roy Williams, Independent

https://t.co/PsSDblo5ET https://t.co/055qFUlR0S"
1388960860509442049,2021-05-02 20:57:29,18,13,".@yorkshirepost: Patel vows to clamp down on #dogtheft

On a visit to The Red House cattery &amp; kennels, York [with northyorkspfcc Candidate @PhilAllott4PFCC], Home Secretary said she was working on a taskforce with @MoJGovUK @DefraGovUK to tackle #pettheft. https://t.co/9oG8qBBGwr"
1388913789018550286,2021-05-02 17:50:26,0,0,Via @Daily_Express @PressReader https://t.co/jtRPfggBrY
1388908927417528326,2021-05-02 17:31:07,0,0,Via @Independent @PressReader https://t.co/R3Ern36APK
1388890668580458496,2021-05-02 16:18:34,6,1,"Roger Hirst, @Conservatives Candidate for #Essex PFCC

@Hirst4EssexPFCC: I will help Essex Police &amp; partners crack down further on violence &amp; drug gangs.
..further #investment in Serious Violence Unit, so that more #CountyLines drug gangs will be rolled up.https://t.co/RQNGNi3Was"
1388878240979226625,2021-05-02 15:29:11,0,0,Via @TheSun https://t.co/9iNyI7UyqD
1388864565274980353,2021-05-02 14:34:50,0,1,"RT @Jonathon_Seed 2/12/2020
[PCC Candidate for #Wiltshire and #Swindon, Conservative]

#PCC2021 commitment to residents... https://t.co/tRUi3urzs2"
1388850846037954564,2021-05-02 13:40:19,0,1,".@Conservatives @MarcJonesLincs 
Marc Jones defended his track record saying force was getting ¬£11m a year extra...would be getting ¬£16m next year

4 Challengers
Labour Rosanne Kirk
LibDem Ross Pepper
ReformUK @EscreetPeter
LincsIndependents David Williams
https://t.co/I9R3x5m0KS"
1388826032212426753,2021-05-02 12:01:43,0,1,"29 Apr 2021
@PritiPatel: ‚Äú#Hartlepool has a fantastic candidate here in Jill
@Jill4Hartlepool is working incredibly hard and she‚Äôs focussing on local issues and I speak not just as Home Secretary but as a member of parliament myself‚Äù | via @TheNorthernEcho https://t.co/gRyAGzVtqb"
1388818587092148224,2021-05-02 11:32:08,4,5,"23.4.21
Andrew Snowden: Absolutely delighted to welcome the Home Secretary to #Lancashire today

@PritiPatel: I need more Conservative Police &amp; Crime Commissioners across the country to work with.
I would urge everyone on May 6 to #vote for @SnowdenForPCC

https://t.co/oFIsuCjaTI https://t.co/iPYiZKsl6h"
1388810727058722818,2021-05-02 11:00:54,1,1,"Andrew Snowden, @Conservatives
@SnowdenForPCC says it is vital to work ‚Äúconstructively‚Äù with the government to ‚Äú#recruit more #police and get more #funding into #Lancashire‚Äù

James Barker, Reform UK
Neil Darby, Lib Dem
Clive Grunshaw (incumbent), Labour
https://t.co/8ZHilU9e1P"
1388795714541654017,2021-05-02 10:01:15,3,1,"Gwent #Police and Crime Commissioner Candidate 2021

As a Caseworker, @Hannah4GwentPCC is very aware of the #policing and #crime related issues facing the people of Gwent and is keen to apply her fighting background to tackling the issues.

via @MonmouthCA https://t.co/7I3oEt5oAI https://t.co/pBrMDTFHL8"
1388795514536308740,2021-05-02 10:00:27,0,0,"4 Mar 2020
A former soldier who served in the Middle East has been selected as @Conservatives Candidate for Gwent Police &amp; Crime Commissioner

Mum-of-2 @Hannah4GwentPCC from Abergavenny, previously served in Iraq, currently works as a political case worker https://t.co/rboOBsIla7"
1388787463808815106,2021-05-02 09:28:28,1,1,"Alison Hernandez (@Conservatives)
@AlisonHernandez [incumbent] has been DC_PCC since election in 2016.
During that time the region has recorded 2nd-lowest crime rate in üá¨üáß

Brian Blake (Liberal Democrat)
Stuart Jackson (Green Party)
Gareth Derrick (Labour)
https://t.co/ohwVLjIgX4"
1388782571358654465,2021-05-02 09:09:02,0,1,".@KatyBourne was first elected in 2012 when PCC role was created and says she has the ‚Äú#experience and proven track record to continue making a difference to #policing our county‚Äù [#Sussex]

Polling day is Thursday May 6 with results expected Monday May 10.https://t.co/mp1IpWGJDC"
1388780780864815107,2021-05-02 09:01:55,1,2,".@KatyBourne:
My six-point plan ‚Äì #MorePoliceSaferStreets

‚Ä¢ Continue to cut crime
‚Ä¢ Further #recruitment ofüëÆ‚Äç‚ôÇÔ∏è 
‚Ä¢ More action on #ruralcrime
‚Ä¢ #Investment in roads policing
‚Ä¢ Make shops and businesses safer places to work 
‚Ä¢ Support #victims of crime https://t.co/pX297TwBLT"
1388778924776296448,2021-05-02 08:54:32,0,0,"RT @KatyBourne 3 days ago:

Glad today‚Äôs over, been stressful.
Was in court this morning giving evidence against a man who was appealing his prison sentence for harassing me. Appeal wasn‚Äôt upheld so injunction remains in place, thank goodness
Will definitely sleep better tonight. https://t.co/Uu8mfMC99A"
1388774968419364864,2021-05-02 08:38:49,0,0,"Not inept or useless.
Home Secretary is at the Home Office [@ukhomeoffice] https://t.co/MzVxAfCiJZ"
1388627097791381512,2021-05-01 22:51:14,0,0,"Home Secretary‚Äôs #plans announced in March include
‚Ä¢ Keeping #asylumseekers in ‚Äúreception centres‚Äù
‚Ä¢ Requiring #refugees to be reassessed by @ukhomeoffice every 30 months
‚Ä¢ Limiting family reunion rights for refugees who arrive inüá¨üáßvia ‚Äúirregular routes‚Äùhttps://t.co/d4wrDB20gH"
1388603194620710912,2021-05-01 21:16:15,1,0,"PM plotting major July Cabinet #reshuffle

The big beasts of the Cabinet are expected to stay in place.
Which means Priti Patel carries on as Home Secretary, Rishi Sunak continues as Chancellor and Dominic Raab remains Foreign Secretary. | via @DailyMirror https://t.co/vFtFhDJeJi"
1388587579994484737,2021-05-01 20:14:12,0,1,"Marc Jones @Conservatives
@MarcJonesLincs [incumbent]
- Elected LincsPCC 2016
- Championed rolling out #Lincolnshire‚Äôs first ever mandatory alcohol tagging

Rosanne Kirk Labour
David Williams Lincs Independents
Ross Pepper LibDem
@EscreetPeter Reform Party
https://t.co/46Uzy8UCVM"
1388581710393233410,2021-05-01 19:50:53,0,1,"Roger Hirst @Conservatives
@Hirst4EssexPFCC [incumbent] wants to tackle domestic &amp; sexual abuse and harassment. Mr Hirst pledges to #recruit another 300 #police officers for #Essex

Robin Tilbrook English Democrats
Jon Whitehouse Lib Dem
Chris Vince Labour https://t.co/ngpAZxaxOY"
1388574308646232066,2021-05-01 19:21:28,0,1,"Katy Bourne @Conservatives
@KatyBourne [incumbent] - former district councillor &amp; #businesswoman who has been elected as PCC for #Sussex twice, 2012 &amp; 2016

@JamieBen120689 Lib Dem
Kahina Bouhassane Green Party
Paul Richards Labour
Roy Williams Independent https://t.co/af3ge8SkOf"
1388570218658729985,2021-05-01 19:05:13,0,2,"29.4.21
Home Secretary visits Yorkshire to support Philip Allott‚Äôs campaign specifically to hear about attempted #dogthefts

@PhilAllott4PFCC: If elected, we will bring reassurance &amp; if there are people taking dogs we will tackle it head on &amp; #arrest them

https://t.co/ZrltnH8HtZ https://t.co/qWPTEAk9FS"
1388570037938704386,2021-05-01 19:04:30,0,0,Home Secretary‚Äôs Twitter is @ukhomeoffice / @PritiPatel https://t.co/P7tzkIF5vI
1388544984685686789,2021-05-01 17:24:56,0,1,"Alison Hernandez @Conservatives
@AlisonHernandez is the #incumbent PCC, first elected in 2016.
Prior to her current job, she worked in #publicservice and #management consultancy

Brian Blake Liberal Democrat
Gareth Derrick Labour
Stuart Jackson Green Party https://t.co/PFahFXqT0V"
1388541595771932676,2021-05-01 17:11:28,0,0,"Priti Patel and Robert Buckland
‚úçÔ∏è @Daily_Express

This Government‚Äôs mission is to protect the most vulnerable victims, crack down on criminals, and make this country safer.

We achieved a historic milestone when the #DomesticAbuse Bill #DABill became law. https://t.co/MvFSGhVNCn"
1388464669426335747,2021-05-01 12:05:48,0,2,"The woman in charge of #NorthYorkshire‚Äôs police and firefighters [@northyorkspfcc] has started a new role advising the Home Secretary.

Commissioner @Julia_Mulligan is new Chair of the Police Advisory Board for England and Wales (PABEW) | via @yorkpress https://t.co/gX61fKFTSR"
1388437190179389443,2021-05-01 10:16:36,0,0,".@TonyBunday Labour

@DonnaJonesPCC Conservative
From 2014 to 2018 Ms Jones was the leader of #Portsmouth City council.
She‚Äôs pledged to make #antisocialbehaviour a priority and to spend more money on #youthservices

@SteveJBaileyPCC Hampshire Independents https://t.co/TBeq7VqJT1"
1388424994863173635,2021-05-01 09:28:09,0,1,".@MarcJonesLincs said he is standing again for PCC because he has ‚Äúunfinished business‚Äù

His plans, if re-elected, include a new ¬£250,000 anti #flytipping fund &amp; ¬£500,000 #ruralcrime fund to tackle crime in rural areas in #Lincolnshire | via @thelincolnite https://t.co/m5oqVxdmcZ"
1388410103544651776,2021-05-01 08:28:58,0,0,RT @KatyBourne 4/12/2019 (pre-covid) https://t.co/HE5y5SlckK
1388393856547295234,2021-05-01 07:24:25,1,1,"..tables for forces

[@BJH251 @merpolchiefcon
@GP_CCKelly @CCLeicsPolice
@CCSuffolkPolice @CCJoShiner
@CCGarryForsyth @CCLeeFreeman
@CCJamesVaughan @OPinkney etc]

Ben Adams, Conservative: ‚ÄúI think it is reasonable for @UKHomeSecretary to #measure progress‚Äùhttps://t.co/INKyQxLYVA"
1388373279665266691,2021-05-01 06:02:39,1,1,FAO @ukhomeoffice / @PritiPatel https://t.co/bitY2ij8XE
1388216347327348736,2021-04-30 19:39:03,4,3,".@TheSun:
There will be a new Domestic Abuse Commissioner @CommissionerDA, @nicolejacobsST, to oversee application of the law

Home Office‚Äôs Victoria Atkins: ‚ÄúThis bill will help the 2.3 million adult victims and their children who live with #domesticabuse‚Äùhttps://t.co/aXbeacZ1Uo"
1388187266078625802,2021-04-30 17:43:30,0,0,Priti Patel calls for review of police approach to ‚Äòhate incidents‚Äô | via @christianorguk https://t.co/bj7bC0WGfZ
1388172203162808323,2021-04-30 16:43:38,0,0,"Police across Surrey and in #Hampshire [CC @OPinkney] are taking part in the national #OperationSceptre campaign to help reduce #knifecrime.

The two forces are joining others in a week of action, which includes a knife amnesty. #OpSceptre runs until 2 May https://t.co/wJmbEgiomA"
1388155827400368133,2021-04-30 15:38:34,0,0,"29/4 @tribunemagazine

@UKHomeSecretary @PritiPatel reportedly drawing up plans for #police force

[@BJH251 @merpolchiefcon
@GP_CCKelly @CCLeicsPolice
@CCSuffolkPolice @CCJoShiner
@CCGarryForsyth @CCLeeFreeman
@CCJamesVaughan @OPinkney etc] 

#leaguetables.https://t.co/BBmlK4fW8Y"
1388144836608413697,2021-04-30 14:54:54,0,0,"RT @UKHomeSecretary 21/6/2020

@PritiPatel: @MayorofLondon acts as Police and Crime Commissioner.

Londoners have a great opportunity next year to #vote for [@ShaunBaileyUK] who will put law &amp; order at the heart of his agenda and back the #police 100%. https://t.co/uEDDtZpDF4 https://t.co/weXuGLCEUb"
1388105222237696002,2021-04-30 12:17:29,0,0,Via @ChallengeYCL https://t.co/c9t0daSkcT
1388086475829436421,2021-04-30 11:02:59,1,0,üëÄ https://t.co/cMiLntz8Cg
1388083392139436039,2021-04-30 10:50:44,0,1,"Home Secretary joins #Hartlepool by-election candidate @Jill4Hartlepool in Hartlepool

Visit coincided with Govt announcement that 8771 new officers have been recruited since 2019 meaning @Conservatives have reached 44% of target to recruit 20K within 3yrs
https://t.co/3XAtuhHoUQ https://t.co/vWsAF1Fzu3"
1388064388775620609,2021-04-30 09:35:13,0,1,".@jonathon_seed: Brilliant afternoon canvassing with @michelledonelan

I am the only Candidate who has spent over 2 yrs listening to local people, with a #plan to put #100extraofficers into our communities. If that is what you want, #vote for me on 6 May.

https://t.co/JVST2TwL0g https://t.co/Sc2pW0dHc3"
1388059846545707010,2021-04-30 09:17:10,5,2,"Donna Jones, @Conservatives - More #Police, #Safer Streets.
@DonnaJonesPCC said she¬†is committed to increasingüëÆ‚Äç‚ôÇÔ∏èofficer numbers and improving police visibility.

@TonyBunday, Labour
Richard Murphy, Liberal Democrats
@SteveJBaileyPCC, Hampshire Independents https://t.co/K29as6yGxt"
1387854622065311757,2021-04-29 19:41:41,1,0,".@yorkpress:
Home Secretary Priti Patel paid a moving tribute to York woman Sarah Everard on a flying visit to the city today and pledged to take action to make women and girls feel safer.

‚ÄúAll our condolences are with Sarah‚Äôs family and friends‚Äù she said https://t.co/obJyCvuhPq"
1387779961797423109,2021-04-29 14:45:01,0,1,"Jonathon Seed for Police &amp; Crime Commissioner

I have spoken to 1,000s of #Wiltshire #Swindon residents to inform my 6 Point #Plan
This is what the role of PCCs is all about: putting local people‚Äôs priorities into the heart of #policing

via @jonathon_seed https://t.co/FLW8b7eazt"
1387722045375537162,2021-04-29 10:54:52,0,0,"Windsor Castle
28 April 2021

Her Majesty The Queen @RoyalFamily held a Council via video link at 2.30pm

There were present: the Rt Hon Jacob Rees-Mogg MP (Lord President), the Rt Hon Priti Patel MP (Secretary of State for the Home Dept), the Rt Hon Gavin https://t.co/MedBQkyxqM"
1387473234422124546,2021-04-28 18:26:11,0,2,"12 Dec 2016
Announcing the move @UKHomeSecretary Amber Rudd described National Action as a ‚Äúracist, #antiSemitic and homophobic organisation‚Äù

The Chief Executive of @HolocaustUK, @KarenPollock100 said: ‚Äú...a crucial step in the fight against #antiSemitism‚Äùhttps://t.co/1LuU6AFDku"
1387463690312691716,2021-04-28 17:48:16,0,0,"19 Dec 2020
@metpoliceuk‚Äôs @Richard04887875 fears üá¨üáß will lose access to EU database

Each time a UKüëÆ‚Äç‚ôÇÔ∏èchecks a suspect or vehicle, it automatically links to the #Schengen Information System (SIS II) of 27 member states to see if they are wanted overseas.

https://t.co/jSTV5O4BXR https://t.co/5PGt29OX88"
1387463486255550466,2021-04-28 17:47:27,0,0,"25 Dec 2020
In November, @PoliceChiefs‚Äô lead for #Brexit, @Richard04887875 told peers that the loss of access to SIS was ‚Äústill a capability gap and it will have a massive impact on us.‚Äù

He said his team had checked the system 603 million times last year. https://t.co/7ZpwNucaBx"
1387391640663433217,2021-04-28 13:01:58,0,1,"Hampshire Constabulary [CC @OPinkney] have been carrying out lorry checks to clamp down on the smuggling of illegal #immigrants

On Friday (April 23) the Organised #Immigration Crime Team searched 38 HGVs
While no people were found, 4 penalties were issued https://t.co/BGVLuOlEve"
1387387812606095363,2021-04-28 12:46:45,1,1,"Facebook yesterday

@jonathon_seed: Such a fantastic response out in South West Wiltshire campaigning in Warminster Broadway with my friend &amp; colleague Tony Jackson
Look forward to continuing my tour of campaigning throughout #Wiltshire #Swindon this week

https://t.co/6ELnnm2pOm https://t.co/B9ayfrNAb7"
1387385148858114050,2021-04-28 12:36:10,0,1,"Jonathon Seed for Police &amp; Crime Commissioner

My six point #plan to tackle crime in #Wiltshire &amp; #Swindon

1 Visible policing
2 Tackle burglaries
3 Prevent crime
4 Safer communities
5 Leading partnership working
6 More care for victims

via @jonathon_seed https://t.co/bKW128zf4I"
1387347610453909505,2021-04-28 10:07:00,1,1,"...@EscreetPeter from the Reform Party

During his time as PCC @MarcJonesLincs says he has taken #Lincolnshire Police from the ‚Äúbrink of bankruptcy‚Äù...major #investments in technology to keep the force one step ahead of criminals and keep communities safer.https://t.co/WWekiM278Y"
1387347078305787907,2021-04-28 10:04:53,0,2,".@TonyBunday Labour &amp; Co-operative

@DonnaJonesPCC Conservative
Donna Jones has been a magistrate in #Hampshire for 16 yrs
She is committed to increasing the number of #police on our streets in order to reduce crime

@SteveJBaileyPCC Hampshire Independents https://t.co/MdSbJTMxCI"
1387328852410707969,2021-04-28 08:52:28,0,0,".@KamalaHarris has pushed Central American countries to increase troops at their #borders
@VP Harris said she plans to visit Guatemala &amp; Mexico soon

At a meeting with advisers last week @VP spoke about tackling the root causes of #migration | via @Reuters https://t.co/2ZUQkQn5Mr"
1387184827573624837,2021-04-27 23:20:10,0,0,".@UKHomeSecretary... league tables of #police forces

[@BJH251 @merpolchiefcon
@GP_CCKelly @CCLeicsPolice
@CCSuffolkPolice @CCJoShiner
@CCGarryForsyth @CCLeeFreeman
@CCJamesVaughan @OPinkney etc] 

...reviewed by the National #Policing Board every 3 months https://t.co/G9jMdjZ1kY"
1387178211700838401,2021-04-27 22:53:52,0,0,.@Potus @JoeBiden and @VP @KamalaHarris assure #India of support in fight against Covid-19 | via @thewirehindi https://t.co/R5r6UtAzc6
1387168913176338432,2021-04-27 22:16:55,0,0,".@KamalaHarris addressed how she‚Äôs approaching #immigration policy, an area POTUS charged her with overseeing

@VP attempted to provide some clarity in CNN interview
Her primary focus is to ‚Äúgive people some sense of #hope that if they stay help is on way.‚Äùhttps://t.co/tegZRQkKV5"
1387164675817697282,2021-04-27 22:00:05,1,0,".@KamalaHarris talks #migration crisis with Finland‚Äôs president

@VP has faced Republican criticism for her few public events to address crisis since POTUS asked her on March 24 to lead response to historic surge of illegal #border crossings. | via @nypost https://t.co/w9nWnQkEto"
1387024300956397570,2021-04-27 12:42:17,0,0,".@KamalaHarris outlines US immigration strategy before Central America visit

@VP outlined her #plan to stem the #immigration flow from the Northern Triangle
Mr Biden chose @VP in March to lead his administration‚Äôs response to crisis | via @TheNationalNews https://t.co/IutgARPBAl"
1387021271578431489,2021-04-27 12:30:15,0,0,.@PressSec said Monday that Vice President @KamalaHarris‚Äô focus ‚Äúis not on the #border‚Äù but ‚Äúon a diplomatic level‚Äù after @POTUS appointed @VP point person to address root causes of #migration from the Northern Triangle. | via @FoxNews https://t.co/LRGFYWMosZ
1387012958941810691,2021-04-27 11:57:13,1,2,"11.1.19 @MaarivOnline
70 years later: The remains of 5 adults &amp; a child murdered at #Auschwitz are to be laid to rest in a Jewish cemetery in London

@HolocaustUK‚Äôs @KarenPollock100: ‚Äú...a moment for survivors, &amp; for all of us, to come together &amp; remember.‚Äùhttps://t.co/wFcFbxlKOr"
1386946555626799108,2021-04-27 07:33:21,2,2,".@Hirst4EssexPFCC:
As¬†Police, Fire &amp; Crime Commissioner for #Essex I will ensure that Essex #Police sees more investment in its capability to prevent crime and that Essex County Fire &amp; Rescue is supported to #protect people and prevent fires, flood¬†hazards https://t.co/h84B9E744g"
1386796003110658053,2021-04-26 21:35:07,1,1,"üì¢ PCCs will be required to publish data
National #league tables to be compiled from individual forces‚Äô

[@BJH251 @merpolchiefcon
@GP_CCKelly @CCLeicsPolice
@CCSuffolkPolice @CCJoShiner
@CCGarryForsyth @CCLeeFreeman
@CCJamesVaughan @OPinkney etc]

results.
https://t.co/gTEqGZ5Xyn https://t.co/7tJViN5BHI"
1386783476951797765,2021-04-26 20:45:20,0,0,"26Apr2021
@reactionlife: ‚ÄúNo bookmakers have been consulted. This is not a gambling site.‚Äù

@RishiSunak Chancellor 3/1

@TrussLiz Trade Secretary 7/1

@PritiPatel @UKHomeSecretary 8/1

@MichaelGove 20/1

@theresa_may 100/1

Dilyn @10DowningStreet dog 250/1 https://t.co/JSnasOcxyq"
1386739858442498052,2021-04-26 17:52:01,0,0,üñï https://t.co/iAlF4gVykT
1386684723741827078,2021-04-26 14:12:56,1,1,"20/4 @LincsLive

@MarcJonesLincs (Conservative)

‚Ä¢ Says he has taken LincsPolice from the ‚Äúbrink of bankruptcy‚Äù
‚Ä¢ Has targeted funding
‚Ä¢ Pushed for tougher action against emerging drugs
‚Ä¢ Is leading on changes to law to further protect victims of crime https://t.co/XSFEcVESKY"
